question,answer
"Can you help me find addresses that have an ETH and ERC20 token balance of at least $1,000,000?","SELECT
     address
FROM
    wired_address_dataset
WHERE b_type='DeFi'
        AND statistical_type='token'
        AND platform_name='ALLNET'
        AND action ='ALL'
        AND asset = 'ALL'
        AND balance_usd >= 1000000
GROUP BY address"
Who are the top 18% of traders based on the volume of ETH and ERC20 token trades?,"SELECT
  address
FROM
  (
    SELECT
      address
    FROM
      wired_address_dataset
    WHERE
      b_type = 'DeFi'
      AND statistical_type = 'token'
      AND platform_name = 'ALLNET'
      AND action = 'ALL'
      AND asset = 'ALL'
      AND transaction_volume_usd > 0
    ORDER BY
      transaction_volume_usd DESC
    LIMIT
      (
        SELECT
          floor(COUNT(DISTINCT address) * 0.18)
        FROM
          wired_address_dataset
        WHERE
          b_type = 'DeFi'
          AND statistical_type = 'token'
          AND platform_name = 'ALLNET'
          AND action = 'ALL'
          AND asset = 'ALL'
          AND transaction_volume_usd > 0
      )
  ) a
GROUP BY
  address"
Can you provide the name of the account with an NFT activity count of at least 619?,"SELECT
  address
FROM
  wired_address_dataset
WHERE
  b_type = 'nft'
  AND statistical_type = 'nft'
  AND platform_name = 'ALLNET'
  AND asset = 'ALL'
  AND action = 'ALL'
  AND transaction_count >= 619
  GROUP BY address"
Are there many accounts on Mirror have an NFT activity count of at least 619?,"select
address
from wired_address_dataset
where b_type='web3'
and statistical_type='web3'
and platform_name='Mirror'
and action='ALL'
and asset='ALL'
and transaction_count>=619
GROUP BY address"
"Please show me the users with an ETH/USDT balance of at least
 $1,000,000,000 on Uniswap.","select
address
from 
(select 
    address
    ,sum(balance_usd) balance_usd
         from wired_address_dataset
         where b_type='DeFi'
         and statistical_type='LP'
         and platform_name in ('Uniswap_v2','Uniswap_v3')
         and action='ALL'
         and asset='ETH/USDT'
       group by address) t
where balance_usd>=1000000000
GROUP BY address"
Which addresses have ETH balances longer than 155 days?,"SELECT
   address
FROM
    wired_address_dataset
WHERE
    b_type = 'DeFi'
    AND statistical_type = 'token'
    AND platform_name = 'ALLNET'
    AND action = 'ALL'
    AND asset = 'ALL'
    AND asset = 'ETH'
    AND days > 155 
GROUP BY address"
Which addresses have at least $1000 (Erc20 Token) balances?,"SELECT
  address
FROM
    wired_address_dataset
WHERE
    asset not in ('ALL','ETH')
    AND b_type = 'DeFi'
    AND statistical_type = 'token'
    AND platform_name = 'ALLNET'
    AND action = 'ALL'
    AND balance_usd >= 1000
GROUP BY address"
"which address  Made trades on Uniswap, and is in the top 10% in number of (Erc20 Token) swap volume traded.","SELECT  address
FROM
(SELECT  address
  ,sum(transaction_volume_usd) transaction_volume_usd
FROM wired_address_dataset
WHERE b_type = 'DeFi'
 AND statistical_type = 'token'
 AND platform_name in ('Uniswap_v2','Uniswap_v3')
 AND action = 'ALL'
 AND asset not in  ( 'ALL','ETH')
 group by address) a
 where transaction_volume_usd>0
ORDER BY transaction_volume_usd DESC
LIMIT (SELECT floor(COUNT(DISTINCT address) * 0.1)  from (SELECT  address
  ,sum(transaction_volume_usd) transaction_volume_usd
FROM wired_address_dataset
WHERE b_type = 'DeFi'
 AND statistical_type = 'token'
 AND platform_name in ('Uniswap_v2','Uniswap_v3')
 AND action = 'ALL'
 AND asset not in  ( 'ALL','ETH')
 group by address) b
 where transaction_volume_usd>0)"
Which users have more than 100 NFTs?,"SELECT
    address
FROM
    wired_address_dataset
WHERE
    b_type = 'nft'
    AND statistical_type = 'nft'
    AND platform_name = 'ALLNET'
    AND asset = 'ALL'
    AND action = 'ALL'
    AND balance_count > 100
GROUP BY address"
Who has collected NFTs and is in the top 10% in terms of the number of NFTs collected?,"SELECT
          address
      FROM
          wired_address_dataset
      WHERE
          b_type = 'nft'
          AND statistical_type = 'nft'
          AND platform_name = 'ALLNET'
          AND asset = 'ALL'
          AND action = 'ALL'
         AND balance_count > 0
      ORDER BY
          balance_count DESC
      LIMIT (
          SELECT
              floor(COUNT(DISTINCT address) * 0.1)
          FROM
              wired_address_dataset
          WHERE
              b_type = 'nft'
              AND statistical_type = 'nft'
              AND platform_name = 'ALLNET'
              AND asset = 'ALL'
              AND action = 'ALL'
              AND balance_count > 0
      )"
Which account has an NFT activity count at least 10?,"SELECT
    address
FROM
    wired_address_dataset
WHERE
    b_type = 'nft'
    AND statistical_type = 'nft'
    AND platform_name = 'ALLNET'
    AND asset = 'ALL'
    AND action = 'ALL'
    AND transaction_count >= 10
GROUP BY address"
Which users have an NFT buying Volume count of over 200?,"SELECT
  address
FROM
    wired_address_dataset
WHERE
    b_type = 'nft'
    AND statistical_type = 'nft'
    AND platform_name = 'ALLNET'
    AND asset = 'ALL'
    AND action = 'Buy'
    AND transaction_volume_usd > 200
GROUP BY address"
Who is the user with an NFT buying activity count between 400 to 619 on all Marketplaces?,"SELECT
 address
FROM
    wired_address_dataset
WHERE
    b_type = 'nft'
    AND statistical_type = 'nft'
    AND platform_name = 'ALL'
    AND asset = 'ALL'
    AND action = 'Buy'
    AND transaction_count  BETWEEN 400
    AND 619
GROUP BY address"
Who has a CryptoPunks volume count of over 200?,"SELECT
    address
FROM
    wired_address_dataset
WHERE
    b_type = 'nft'
    AND statistical_type = 'nft'
    AND platform_name = 'ALLNET'
    AND asset = 'CryptoPunks'
    AND action = 'ALL'
    AND transaction_volume_usd  > 200
GROUP BY address"
Who has a CryptoPunks burning volume count of over 200?,"SELECT
    address
FROM
    wired_address_dataset
WHERE
    b_type = 'nft'
    AND statistical_type = 'nft'
    AND platform_name = 'ALLNET'
    AND asset = 'CryptoPunks'
    AND action = 'Burn'
    AND transaction_volume_usd  > 200
GROUP BY address"
which accounts in the Web3 industry have an activity at least 619?,"SELECT
    address
FROM
    wired_address_dataset
WHERE
    b_type = 'web3'
    AND statistical_type = 'web3'
    AND platform_name = 'ALL'
    AND action = 'ALL'
   AND asset='ALL'
    AND transaction_count >= 619
GROUP BY address"
which accounts in the Web3 industry have an NFT Recipient activity count over 10,"SELECT address
FROM wired_address_dataset
WHERE b_type = 'web3'
  AND statistical_type = 'web3'
  AND platform_name = 'ALL'
 AND asset='ALL'
  AND action = 'NFT Recipient'
  AND transaction_count >= 10
GROUP BY address"
Can you show me the accounts in the Web3 industry have an article count of over 100 on Mirror?,"SELECT address
          FROM wired_address_dataset
          WHERE b_type = 'web3'
            AND statistical_type = 'web3'
            AND platform_name = 'Mirror'
            AND action = 'write'
            AND asset = 'ALL'
            AND transaction_count > 100
GROUP BY address"
Can you show me the accounts on Mirror have an NFT Recipient count of over 100?,"SELECT address
FROM wired_address_dataset
WHERE b_type = 'web3'
  AND statistical_type = 'web3'
  AND platform_name = 'Mirror'
  AND action = 'NFT Recipient'
  AND asset = 'ALL'
  AND transaction_count > 100
GROUP BY address"
Can you show me the accounts on Gitcoin have an activity count of at least 619?,"SELECT  address
FROM wired_address_dataset
WHERE b_type = 'web3'
  AND statistical_type = 'web3'
  AND platform_name = 'Gitcoin'
  AND action = 'ALL'
  AND asset = 'ALL'
  AND transaction_count >= 619
GROUP BY address"
Could you send me the top 100 addresses that have been the fastest to enter ETH/USDT the liquidity pools on Uniswap?,"SELECT address
FROM wired_address_dataset
WHERE b_type = 'DeFi'
  AND statistical_type = 'LP'
  AND platform_name IN ('Uniswap_v2', 'Uniswap_v3')
  AND action = 'ALL'
  AND asset = 'ETH/USDT'
ORDER BY first_tx_time ASC
LIMIT 100"
What are the addresses that are in the top 10% of all existing Ethereum accounts regarding the account's ETH/USDT balance on Uniswap?,"SELECT  address
FROM
(SELECT  address
  ,sum(balance_usd) balance_usd
FROM wired_address_dataset
WHERE
 b_type = 'DeFi' 
 AND statistical_type = 'LP' 
 AND platform_name in ('Uniswap_v2','Uniswap_v3')
 AND action = 'ALL' 
 AND asset = 'ETH/USDT'
 group by  address) b
 where balance_usd > 0
ORDER BY balance_usd DESC
LIMIT (SELECT floor(COUNT(DISTINCT address) * 0.1) FROM 
(SELECT  address
  ,sum(balance_usd) balance_usd
FROM wired_address_dataset
WHERE
 b_type = 'DeFi' 
 AND statistical_type = 'LP' 
 AND platform_name in ('Uniswap_v2','Uniswap_v3')
 AND action = 'ALL' 
 AND asset = 'ETH/USDT'
 group by  address) b
where  balance_usd > 0）"
What is the distribution of accounts with an ETH/USDT activity count of at least 619 on Uniswap?,"select
address
from 
(select 
    address
    ,sum(transaction_count) transaction_count
         from wired_address_dataset 
         where b_type = 'DeFi'
           AND statistical_type = 'LP'
           AND platform_name IN ('Uniswap_v2', 'Uniswap_v3')
           AND action = 'ALL'
           AND asset = 'ETH/USDT' 
       group by address) t
where transaction_count >= 619
GROUP BY address"
show me all holders of token 0xb8c77482e45f1f44de1745f52c74426c631bdd52,"SELECT address FROM wired_address_dataset 
WHERE token = '0xb8c77482e45f1f44de1745f52c74426c631bdd52' 
and balance_usd>0
GROUP BY address"
show me holders of token which go live most recently?,"SELECT address FROM wired_address_dataset WHERE b_type = 'DeFi' AND statistical_type = 'token' AND platform_name = 'ALLNET' AND action = 'ALL' AND asset =

(
select asset from
(

select asset,row_number() over(order by first_tx_time desc) as rn From
(
SELECT asset, min(first_tx_time) as first_tx_time FROM wired_address_dataset
WHERE b_type = 'DeFi' AND statistical_type = 'token' AND platform_name = 'ALLNET' AND action = 'ALL'
group by asset
) a1
) a3 where rn=1
)
"
show me address that hold azuki and weth?,"SELECT address 
 FROM wired_address_dataset 
 WHERE asset IN ('Azuki', 'Wrapped Ether') 
 AND b_type in ('DeFi','nft')
 AND statistical_type in('token' ,'nft')
 AND platform_name = 'ALLNET' 
 AND action = 'ALL'
 AND balance_usd>0
GROUP BY address"
show me all holders of weth?,"SELECT address 
 FROM wired_address_dataset 
 WHERE b_type = 'DeFi' AND 
 statistical_type = 'token' 
 AND asset = 'Wrapped Ether'
 AND balance_usd>0
GROUP BY address"
Which account has an NFT buying Volume count of $100-$1000 on all Marketplaces?,"SELECT address 
FROM wired_address_dataset 
WHERE b_type = 'nft' 
AND statistical_type = 'nft' 
AND platform_name = 'ALL' 
AND asset = 'ALL' 
AND action = 'Buy' 
AND transaction_volume_usd BETWEEN 100 AND 1000
GROUP BY address"
Which users have an NFT buying Volume count of 1-2?,"SELECT address 
FROM wired_address_dataset 
WHERE b_type = 'nft' 
AND statistical_type = 'nft' 
AND platform_name = 'ALLNET' 
AND asset = 'ALL' AND 
action = 'Buy' 
AND transaction_volume_usd BETWEEN 1 AND 2
GROUP BY address"
Can you show me the accounts in the Web3 industry have an NFT count of over 100?,"SELECT
address
FROM
wired_address_dataset
WHERE
b_type = 'web3'
and statistical_type = 'web3'
and platform_name = 'ALL'
and action = 'ALL'
and asset = 'ALL'
and balance_count > 100
GROUP BY address"
Who are the top 13% of traders based on the volume of (Erc20 Token) trades on Uniswap?,"WITH trader_volumes AS (
 SELECT
  address,
  SUM(transaction_volume_usd) AS total_volume
 FROM
  wired_address_dataset
 WHERE
  b_type = 'DeFi'
 AND statistical_type = 'token'
 AND platform_name  in ( 'Uniswap_v2','Uniswap_v3')
 AND action = 'ALL'
 AND asset != 'ETH'
 AND asset != 'ALL'
 GROUP BY
  address
) SELECT
 address
FROM
 trader_volumes
WHERE
 total_volume >= (
  SELECT
   PERCENTILE_CONT (0.13) WITHIN GROUP (ORDER BY total_volume DESC)
  FROM
   trader_volumes
 )"
Which accounts in the Web3 industry have an article count of 1 on Mirror?,"SELECT
  address
FROM
  wired_address_dataset
WHERE
  b_type = 'web3'
  AND statistical_type = 'web3'
  AND platform_name = 'Mirror'
  AND action = 'write'
  AND asset = 'ALL'
  AND balance_count = 1
GROUP BY
  address"
Can you show me the accounts in the Web3 industry have an article count of over 100?,"SELECT address 
FROM wired_address_dataset 
WHERE b_type = 'web3' 
AND statistical_type = 'web3' 
AND platform_name='ALL'
AND action = 'write' 
AND asset = 'ALL' 
AND transaction_count > 100
GROUP BY address"
which account with an activity count of 0-10 are there on all Decentralized Exchanges?,"SELECT
address 
FROM
(SELECT
 address
 ,sum(transaction_count) transaction_count
FROM
    wired_address_dataset
WHERE
b_type = 'DeFi' 
and statistical_type = 'token' 
and platform_name = 'Dex' 
and asset = 'ALL'
and action = 'ALL'
    group by address)a
where transaction_count BETWEEN 0 AND 10
GROUP BY address"
Check for users with more than 1000 uni tokens and more than 500 usdt?,"select
address
from
(SELECT  address
FROM wired_address_dataset
WHERE b_type = 'DeFi'
 AND statistical_type = 'token'
 AND platform_name='ALLNET' 
 AND action = 'ALL'
 AND asset = 'Uniswap'
 AND balance_count > 1000
 INTERSECT
 SELECT  address
 FROM wired_address_dataset
 WHERE b_type = 'DeFi'
  AND statistical_type = 'token'
  AND platform_name='ALLNET' 
  AND action = 'ALL'
  AND asset = 'Tether USD'
  AND balance_count >500) a1
  group by address"
Which accounts on Mirror have an NFT Recipient count of 0-10?,"SELECT
  address
FROM
  wired_address_dataset
WHERE
  b_type = 'web3'
  AND statistical_type = 'web3'
  AND platform_name = 'Mirror'
  AND action = 'NFT Recipient'
  AND asset = 'ALL'
  AND balance_count BETWEEN 0 AND 10
GROUP BY address"
Which addresses on Mirror have an NFT Recipient count of at least 619?,"SELECT
  address
FROM
  wired_address_dataset
WHERE
  b_type = 'web3'
  AND statistical_type = 'web3'
  AND platform_name = 'Mirror'
  AND action = 'NFT Recipient'
  AND asset = 'ALL'
  AND balance_count >= 619
GROUP BY address"
which accounts with an NFT Recipient count between 400 to 619 on Mirror?,"SELECT
  address
FROM
  wired_address_dataset
WHERE
  b_type = 'web3'
  AND statistical_type = 'web3'
  AND platform_name = 'Mirror'
  AND action = 'NFT Recipient'
  AND asset = 'ALL'
  AND balance_count BETWEEN 400 AND 619
GROUP BY address"
Which addresses have an NFT Recipient count between 200 to 400 active on Mirror?,"SELECT
  address
FROM
  wired_address_dataset
WHERE
  b_type = 'web3'
  AND statistical_type = 'web3'
  AND platform_name = 'Mirror'
  AND action = 'NFT Recipient'
  AND asset = 'ALL'
  AND  transaction_count BETWEEN 200 AND 400
GROUP BY address"
Which addresses in the Web3 industry have an activity count of at least 619?,"SELECT
  address
FROM
  wired_address_dataset
WHERE
 statistical_type = 'web3'
  AND platform_name = 'ALL'
  AND action = 'ALL'
  AND asset = 'ALL'
  AND  transaction_count >= 619
GROUP BY address"
Which addresses have an activity count between 200 to 400 in the Web3 industry?,"SELECT
  address
FROM wired_address_dataset
WHERE b_type = 'web3'
  AND statistical_type = 'web3'
  AND platform_name = 'ALL'
  AND action = 'ALL'
  AND asset = 'ALL'
  AND transaction_count BETWEEN 200 AND  400
GROUP BY address"
Which accounts on Mirror have a writing activity count of 0-10?,"SELECT
  address
FROM wired_address_dataset
WHERE b_type = 'web3'
  AND statistical_type = 'web3'
  AND platform_name = 'Mirror'
  AND action = 'write'
  AND asset = 'ALL'
  AND transaction_count between 0 AND 10
GROUP BY address"
Which addresses on Mirror have a writing activity count of at least 619?,"SELECT
  address
FROM wired_address_dataset
WHERE b_type = 'web3'
  AND statistical_type = 'web3'
  AND platform_name = 'Mirror'
  AND action = 'write'
  AND asset = 'ALL'
  AND transaction_count >= 619
GROUP BY address"
Which addresses have a writing activity count between 200 to 400 on Mirror?,"SELECT
  address
FROM wired_address_dataset
WHERE
  b_type = 'web3'
  AND statistical_type = 'web3'
  AND platform_name = 'Mirror'
  AND action = 'write'
  AND asset = 'ALL'
  AND transaction_count between 200 AND 400
GROUP BY address"
Which accounts on Mirror have an activity count of 0-10?,"SELECT
  address
FROM
  wired_address_dataset
WHERE
  b_type = 'web3'
  AND statistical_type = 'web3'
  AND platform_name = 'Mirror'
  AND action = 'ALL'
  AND asset = 'ALL'
  AND transaction_count BETWEEN 0 AND 10
GROUP BY address"
Which addresses on Mirror have an NFT activity count of at least 619?,"SELECT
  address
FROM
  wired_address_dataset
WHERE
  b_type = 'web3'
  AND statistical_type = 'web3'
  AND platform_name = 'Mirror'
  AND action = 'ALL'
  AND asset = 'ALL'
  AND transaction_count >= 619
GROUP BY address"
What is the distribution of accounts with an NFT activity count between 400 to 619 on Mirror?,"SELECT
  address
FROM
  wired_address_dataset
WHERE
  b_type = 'web3'
  AND statistical_type = 'web3'
  AND platform_name = 'Mirror'
  AND action = 'ALL'
  AND asset = 'ALL'
  AND transaction_count BETWEEN 400 AND 619
GROUP BY address"
Which addresses have an NFT activity count between 200 to 400 active on Mirror?,"SELECT
  address
FROM
  wired_address_dataset
WHERE
  b_type = 'web3'
  AND statistical_type = 'web3'
  AND platform_name = 'Mirror'
  AND action = 'ALL'
  AND asset = 'ALL'
  AND transaction_count BETWEEN 200 AND 400
GROUP BY address"
Which accounts in the Web3 industry have an NFT activity count of 0-10?,"SELECT
  address
FROM
  wired_address_dataset
WHERE
  b_type = 'web3'
  AND statistical_type = 'web3'
  AND platform_name = 'Mirror'
  AND action = 'NFT Recipient'
  AND asset = 'ALL'
  AND transaction_count BETWEEN 0 AND 10
GROUP BY address"
Which addresses on ENS have an NFT activity count of at least 619?,"SELECT
  address
FROM
  wired_address_dataset
WHERE
  b_type = 'web3'
  AND statistical_type = 'web3'
  AND platform_name = 'ENS'
  AND action = 'NFT Recipient'
  AND asset = 'ALL'
  AND transaction_count >=619
GROUP BY address"
What is the distribution of accounts with an NFT activity count between 400 to 619 on ENS?,"SELECT
  address
FROM
  wired_address_dataset
WHERE
  b_type = 'web3'
  AND statistical_type = 'web3'
  AND platform_name = 'ENS'
  AND action = 'NFT Recipient'
  AND asset = 'ALL'
  AND transaction_count between 400 and 619
GROUP BY address"
Which accounts on ENS have an NFT Recipient activity count of 0-10?,"SELECT
  address
FROM
  wired_address_dataset
WHERE
  b_type = 'web3'
  AND statistical_type = 'web3'
  AND platform_name = 'ENS'
  AND action = 'NFT Recipient'
  AND asset = 'ALL'
  AND transaction_count BETWEEN 0 AND 10
GROUP BY address"
Which addresses on ENS have an NFT activity count of at least 619?,"SELECT
  address
FROM
  wired_address_dataset
WHERE
  b_type = 'web3'
  AND statistical_type = 'web3'
  AND platform_name = 'ENS'
  AND action = 'NFT Recipient'
  AND asset = 'ALL'
  AND transaction_count >=619
GROUP BY address"
Which addresses have an NFT activity count between 200 to 400 active on ENS?,"SELECT
  address
FROM
  wired_address_dataset
WHERE
  b_type = 'web3'
  AND statistical_type = 'web3'
  AND platform_name = 'ENS'
  AND action = 'NFT Recipient'
  AND asset = 'ALL'
  AND transaction_count BETWEEN 200 AND 400
GROUP BY address"
Which addresses on ENS have a registering activity count of at least 619?,"SELECT
  address
FROM
  wired_address_dataset
WHERE
  b_type = 'web3'
  AND statistical_type = 'web3'
  AND platform_name = 'ENS'
  AND action = 'registerer'
  AND asset = 'ALL'
  AND transaction_count >= 619
GROUP BY address"
Which accounts on ENS have a registering activity count of 0-10?,"SELECT
  address
FROM
  wired_address_dataset
WHERE
  b_type = 'web3'
  AND statistical_type = 'web3'
  AND platform_name = 'ENS'
  AND action = 'registerer'
  AND asset = 'ALL'
  AND transaction_count BETWEEN 0 AND 10
GROUP BY address"
Which addresses have a registering activity count between 200 to 400 on ENS?,"SELECT
  address
FROM
  wired_address_dataset
WHERE
  b_type = 'web3'
  AND statistical_type = 'web3'
  AND platform_name = 'ENS'
  AND action = 'registerer'
  AND asset = 'ALL'
  AND transaction_count BETWEEN 200 AND 400
GROUP BY address"
Which accounts on ENS have a renewing activity count of 0-10?,"SELECT
  address
FROM
  wired_address_dataset
WHERE
  b_type = 'web3'
  AND statistical_type = 'web3'
  AND platform_name = 'ENS'
  AND action = 'renewer'
  AND asset = 'ALL'
  AND transaction_count BETWEEN 0 AND 10
GROUP BY address"
Which addresses on ENS have a renewing activity count of at least 619?,"SELECT
  address
FROM
  wired_address_dataset
WHERE
  b_type = 'web3'
  AND statistical_type = 'web3'
  AND platform_name = 'ENS'
  AND action = 'renewer'
  AND asset = 'ALL'
  AND transaction_count >=619
GROUP BY address"
Which addresses have a renewing activity count between 200 to 400 on ENS?,"SELECT
  address
FROM
  wired_address_dataset
WHERE
  b_type = 'web3'
  AND statistical_type = 'web3'
  AND platform_name = 'ENS'
  AND action = 'renewer'
  AND asset = 'ALL'
  AND transaction_count BETWEEN 200 AND 400
GROUP BY address"
Which accounts on ENS have an airdrop activity count of 0-10?,"SELECT
  address
FROM
  wired_address_dataset
WHERE
  b_type = 'web3'
  AND statistical_type = 'web3'
  AND platform_name = 'ENS'
  AND action = 'Airdrop Recipient'
  AND asset = 'ALL'
  AND transaction_count BETWEEN 0 AND 10
GROUP BY address"
Which addresses on ENS have an airdrop activity count of at least 619?,"SELECT
  address
FROM
  wired_address_dataset
WHERE
  b_type = 'web3'
  AND statistical_type = 'web3'
  AND platform_name = 'ENS'
  AND action = 'Airdrop Recipient'
  AND asset = 'ALL'
  AND transaction_count >=619
GROUP BY address"
Which addresses have an airdrop activity count between 200 to 400 on ENS?,"SELECT
  address
FROM
  wired_address_dataset
WHERE
  b_type = 'web3'
  AND statistical_type = 'web3'
  AND platform_name = 'ENS'
  AND action = 'Airdrop Recipient'
  AND asset = 'ALL'
  AND transaction_count BETWEEN 200 AND 400
GROUP BY address"
Which accounts on Gitcoin have an activity count of 0-10?,"SELECT
  address
FROM
  wired_address_dataset
WHERE
  b_type = 'web3'
  AND statistical_type = 'web3'
  AND platform_name = 'Gitcoin'
  AND action = 'ALL'
  AND asset = 'ALL'
  AND transaction_count BETWEEN 0 AND 10
GROUP BY address"
Which addresses on Gitcoin have an activity count of at least 619?,"SELECT
  address
FROM
  wired_address_dataset
WHERE
  b_type = 'web3'
  AND statistical_type = 'web3'
  AND platform_name = 'Gitcoin'
  AND action = 'ALL'
  AND asset = 'ALL'
  AND transaction_count >=619
GROUP BY address"
Which addresses have an activity count between 200 to 400 active on Gitcoin?,"SELECT
  address
FROM
  wired_address_dataset
WHERE
  b_type = 'web3'
  AND statistical_type = 'web3'
  AND platform_name = 'Gitcoin'
  AND action = 'ALL'
  AND asset = 'ALL'
  AND transaction_count BETWEEN 200 AND 400
 GROUP BY address"
Which accounts on Gitcoin have donating activity count of 0-10?,"SELECT
  address
FROM
  wired_address_dataset
WHERE
  b_type = 'web3'
  AND statistical_type = 'web3'
  AND platform_name = 'Gitcoin'
  AND action = 'donator'
  AND asset = 'ALL'
  AND transaction_count BETWEEN 0 AND 10
GROUP BY address"
Which addresses have on Gitcoin have donating activity count of at least 619?,"SELECT
  address
FROM
  wired_address_dataset
WHERE
  b_type = 'web3'
  AND statistical_type = 'web3'
  AND platform_name = 'Gitcoin'
  AND action = 'donator'
  AND asset = 'ALL'
  AND transaction_count >619
GROUP BY address"
Which addresses have donating activity count between 200 to 400 on Gitcoin?,"SELECT
  address
FROM
  wired_address_dataset
WHERE
  b_type = 'web3'
  AND statistical_type = 'web3'
  AND platform_name = 'Gitcoin'
  AND action = 'donator'
  AND asset = 'ALL'
  AND transaction_count BETWEEN 200 AND 400
GROUP BY address"
Which accounts on Gitcoin have an airdrop activity count of 0-10?,"SELECT
  address
FROM
  wired_address_dataset
WHERE
  b_type = 'web3'
  AND statistical_type = 'web3'
  AND platform_name = 'Gitcoin'
  AND action = 'Airdrop Recipient'
  AND asset = 'ALL'
  AND transaction_count BETWEEN 0 AND 10
GROUP BY address"
Which addresses on Gitcoin have an airdrop activity count of at least 619?,"SELECT
  address
FROM
  wired_address_dataset
WHERE
  b_type = 'web3'
  AND statistical_type = 'web3'
  AND platform_name = 'Gitcoin'
  AND action = 'Airdrop Recipient'
  AND asset = 'ALL'
  AND transaction_count >= 619
GROUP BY address"
Which addresses have an airdrop activity count between 200 to 400 on Gitcoin?,"SELECT
  address
FROM
  wired_address_dataset
WHERE
  b_type = 'web3'
  AND statistical_type = 'web3'
  AND platform_name = 'Gitcoin'
  AND action = 'Airdrop Recipient'
  AND asset = 'ALL'
  AND transaction_count BETWEEN 200 AND 400
GROUP BY address"
Which addresses only have 1 NFT?,"select
 address
from
 wired_address_dataset
where
 b_type = 'nft'
 and statistical_type = 'nft'
 and platform_name = 'ALLNET'
 and action = 'ALL'
 and token = 'ALL'
 and balance_count = 1
 group by address"
Can you provide a list of users who are among the top 100 in terms of the number of NFTs collected?,"select
 address
from
 wired_address_dataset
where
 b_type = 'nft'
 and statistical_type = 'nft'
 and platform_name = 'ALLNET'
 and asset = 'ALL'
 and action = 'ALL' and balance_count>0
order by
 balance_count desc
limit 100"
Which users only have 1 CryptoPunks?,"select
 address
from
 wired_address_dataset
where
 b_type = 'nft'
AND statistical_type = 'nft' 
AND platform_name = 'ALLNET' 
AND action = 'ALL'
AND asset = 'CryptoPunks'
AND balance_count = 1
GROUP BY address"
Which users have more than 100 CryptoPunks?,"select
 address
from
 wired_address_dataset
where
 b_type = 'nft'
AND statistical_type = 'nft' 
AND platform_name = 'ALLNET' 
AND action = 'ALL'
AND asset = 'CryptoPunks'
AND balance_count >100
GROUP BY address"
Who are the top 0.1% of users with the most CryptoPunks collected? ,"select 
address
from
(select
 address
from
 wired_address_dataset
where
 b_type = 'nft'
 and statistical_type = 'nft'
 and platform_name = 'ALLNET'
 and asset = 'CryptoPunks'
 and action = 'ALL'
 and balance_usd>0
order by
 balance_count desc
limit 
  (
select
 floor(COUNT(distinct address) * 0.001)
from
 wired_address_dataset
where
 b_type = 'nft'
 and statistical_type = 'nft'
 and platform_name = 'ALLNET'
 and asset = 'CryptoPunks'
 and action = 'ALL'
 and balance_usd>0)) a
 group by address"
Can you provide a list of users who are among the top 100 in terms of the number of CryptoPunks collected?,"select
 address
from
 wired_address_dataset
where
 b_type = 'nft'
 and statistical_type = 'nft'
 and platform_name = 'ALLNET'
 and asset = 'CryptoPunks'
 and action = 'ALL' and balance_count >0
order by
 balance_count desc
limit 100"
Who has an NFT volume count of over 200?,"select
 address
from
 wired_address_dataset
where
 b_type = 'nft'
 and statistical_type = 'nft'
 and platform_name = 'ALLNET'
 and asset = 'ALL'
 and action = 'ALL'
 and transaction_volume_usd> 200
group by address"
Can you provide a list of users who are among the top 100 in terms of the volume of NFTs traded?,"  address
 from
  wired_address_dataset
 where
  b_type = 'nft'
  and statistical_type = 'nft'
  and platform_name = 'ALLNET'
  and asset = 'ALL'
  and action = 'ALL' and transaction_volume_usd > 0
 order by
  transaction_volume_usd desc
 limit 100"
Which users rank in the top 1% in both activity and volume of NFTs traded?,"select
  address
 from
  (
  select
   a2.address,
   cast(a2.count_sum as numeric)/ cast(count_sum_total as numeric) as zb_rate,
   cast(a2.transfer_count_sum as numeric) /cast(a2.count_sum_total as numeric) as zb_rate_transfer_count
  from
   (
   select
    a1.address,
    count_sum_total,
    row_number() over(order by transaction_volume_usd desc) as count_sum,
    row_number() over(order by transaction_count desc) as transfer_count_sum
   from
    (
    select
     transaction_volume_usd,
     transaction_count,
     address
    from wired_address_dataset
    where
     b_type = 'nft'
     and statistical_type = 'nft'
     and platform_name = 'ALlNET'
     and asset = 'ALL'
     and action = 'ALL'
     and transaction_volume_usd >0
     group by address,transaction_volume_usd,
     transaction_count) as a1
   inner join
   (
    select
     count(distinct address) as count_sum_total
    from
     wired_address_dataset
    where
     b_type = 'nft'
     and statistical_type = 'nft'
     and platform_name = 'ALlNET'
     and asset = 'ALL'
     and action = 'ALL'
     and transaction_volume_usd >0
     ) totala on 1 = 1) as a2) a
 where
  zb_rate <= 0.01
  and zb_rate_transfer_count <= 0.01"
Which addresses have an NFT sale Volume count of 1-2?,"select
 address
from
 wired_address_dataset
where
 b_type = 'nft'
 and statistical_type = 'nft'
 and platform_name = 'ALLNET'
 and asset = 'ALL'
 and action = 'Sale'
 and transaction_volume_usd between 1 and 2
group by address"
Which users have an NFT sale Volume count of over 200?,"select
 address
from
 wired_address_dataset
where
 b_type = 'nft'
 and statistical_type = 'nft'
 and platform_name = 'ALLNET'
 and asset = 'ALL'
 and action = 'Sale'
 and transaction_volume_usd >200
group by address"
Which users have an NFT transfer Volume count of over 200?,"select
 address
from
 wired_address_dataset
where
 b_type = 'nft'
 and statistical_type = 'nft'
 and platform_name = 'ALLNET'
 and asset = 'ALL'
 and action = 'Transfer'
 and transaction_volume_usd > 200
group by address"
"Which addresses have an ETH and ERC20 token balance ranging from $100 to $1,000?","SELECT
     address
FROM
    wired_address_dataset
WHERE   b_type='DeFi'
        AND statistical_type='token'
        AND platform_name='ALLNET'
        AND action ='ALL'
        AND asset = 'ALL'
        AND balance_usd >= 100 
        AND balance_usd <= 1000
GROUP BY address"
"Can you help me find addresses that have an ETH and ERC20 token balance of at least $1,000,000?","SELECT
     address
FROM
    wired_address_dataset
WHERE   b_type='DeFi'
        AND statistical_type='token'
        AND platform_name='ALLNET'
        AND action ='ALL'
        AND asset = 'ALL'
        AND balance_usd >= 1000000
GROUP BY address"
Which addresses are in the top 10% of all existing Ethereum accounts based on their balance?,"SELECT  address
FROM
(SELECT  address
FROM wired_address_dataset
WHERE b_type = 'DeFi'
  AND statistical_type = 'token'
  AND platform_name='ALLNET'
  AND action = 'ALL'
  AND asset = 'ALL'
 AND balance_usd>0
ORDER BY balance_usd DESC
LIMIT (SELECT floor(COUNT(DISTINCT address) * 0.1) FROM wired_address_dataset 
WHERE b_type = 'DeFi' 
AND statistical_type = 'token' 
AND platform_name ='ALLNET'
AND action = 'ALL' 
AND asset = 'ALL' AND balance_usd>0 )) a
GROUP BY address"
Which addresses have $100-$1000 WETH balances?,"SELECT address
FROM wired_address_dataset
WHERE b_type = 'DeFi'
  AND statistical_type = 'token'
  AND platform_name='ALLNET'
  AND action = 'ALL'
  AND asset = 'Wrapped Ether'
  AND balance_usd between 100 and 1000
GROUP BY address"
Can you provide me with the addresses that rank within the top 100 of all existing Ethereum accounts based on their balance?,"SELECT address
FROM wired_address_dataset
WHERE b_type = 'DeFi'
  AND statistical_type = 'token'
  AND platform_name='ALLNET'
  AND action = 'ALL'
  AND asset = 'ALL' and balance_usd > 0
ORDER BY balance_usd desc
LIMIT 100"
"Which addresses have at least $1,000,000 in ETH balance?","SELECT
    address
FROM
    wired_address_dataset
WHERE
    b_type = 'DeFi'
    AND statistical_type = 'token'
    AND platform_name = 'ALLNET'
    AND asset = 'ETH'
    AND action = 'ALL'
    AND balance_usd >= 1000000
GROUP BY address"
Which account's ETH address balance is in the top 100 of all users?,"SELECT address
FROM wired_address_dataset
WHERE b_type = 'DeFi'
  AND statistical_type = 'token'
  AND platform_name='ALLNET'
  AND action = 'ALL'
  AND asset = 'ETH' and balance_usd>0
ORDER BY balance_usd desc
LIMIT 100"
Which account's WETH address balance is in the top 100 of all users?,"SELECT address
FROM wired_address_dataset
WHERE b_type = 'DeFi'
  AND statistical_type = 'token'
  AND platform_name='ALLNET'
  AND action = 'ALL'
  AND asset = 'Wrapped Ether' and balance_usd>0
ORDER BY balance_usd desc
LIMIT 100"
Could you help me find addresses that have an ETH and ERC20 token volume of at least 1 million?,"SELECT address
FROM wired_address_dataset
WHERE b_type = 'DeFi'
  AND statistical_type = 'token'
  AND platform_name='ALLNET'
  AND action = 'ALL'
  AND asset = 'ALL'
  AND transaction_volume_usd>=1000000
GROUP BY address"
"Are there any blockchain addresses that have a volume of trades ranging from $100 to $1,000 on all Decentralized Exchanges?","SELECT
address 
FROM
(SELECT
 address
 ,sum(transaction_volume_usd) transaction_volume_usd
FROM
    wired_address_dataset
WHERE
b_type = 'DeFi' 
and statistical_type = 'token' 
and platform_name = 'Dex' 
and asset = 'ALL'
and action = 'ALL'
    group by address)a
where transaction_volume_usd between 100 and 1000
GROUP BY address"
Could you help me find blockchain addresses that have a volume of trades of at least 1 million on all Decentralized Exchanges?,"SELECT
address 
FROM
(SELECT
 address
 ,sum(transaction_volume_usd) transaction_volume_usd
FROM
    wired_address_dataset
WHERE
b_type = 'DeFi' 
and statistical_type = 'token' 
and platform_name = 'Dex' 
and asset = 'ALL'
and action = 'ALL'
    group by address)a
where transaction_volume_usd >=1000000
GROUP BY address"
Please assist me in identifying blockchain addresses that have a volume of trades of at least 1 billion on all Decentralized Exchanges.,"SELECT
address 
FROM
(SELECT
 address
 ,sum(transaction_volume_usd) transaction_volume_usd
FROM
    wired_address_dataset
WHERE
b_type = 'DeFi' 
and statistical_type = 'token' 
and platform_name = 'Dex' 
and asset = 'ALL'
and action = 'ALL'
    group by address)a
where transaction_volume_usd >=1000000000
GROUP BY address"
Where can I find the blockchain addresses that rank within the top 2.5% based on volume of trades on all Decentralized Exchanges?,"SELECT
  address
FROM
  (
    SELECT
      address
    from
      (
        select
          address,
          sum(transaction_volume_usd) transaction_volume_usd
        FROM
          wired_address_dataset
        WHERE
          b_type = 'DeFi'
          AND statistical_type = 'token'
          AND platform_name = 'Dex'
          AND action = 'ALL'
          AND asset = 'ALL'
        group by
          address
      ) b
    where
      transaction_volume_usd > 0
    ORDER BY
      transaction_volume_usd DESC
    LIMIT
      (
        SELECT
          floor(COUNT(DISTINCT address) * 0.025)
        FROM
          wired_address_dataset
        WHERE
          b_type = 'DeFi'
          AND statistical_type = 'token'
          AND platform_name = 'Dex'
          AND action = 'ALL'
          AND asset = 'ALL'
          and transaction_volume_usd > 0
      )
  ) a
GROUP BY
  address"
What do I need to do to find the blockchain addresses that rank within the top 1% based on volume of trades on all Decentralized Exchanges?,"SELECT
  address
FROM
  (
    SELECT
      address
    from
      (
        select
          address,
          sum(transaction_volume_usd) transaction_volume_usd
        FROM
          wired_address_dataset
        WHERE
          b_type = 'DeFi'
          AND statistical_type = 'token'
          AND platform_name = 'Dex'
          AND action = 'ALL'
          AND asset = 'ALL'
        group by
          address
      ) b
    where
      transaction_volume_usd > 0
    ORDER BY
      transaction_volume_usd DESC
    LIMIT
      (
        SELECT
          floor(COUNT(DISTINCT address) * 0.01)
        FROM
          wired_address_dataset
        WHERE
          b_type = 'DeFi'
          AND statistical_type = 'token'
          AND platform_name = 'Dex'
          AND action = 'ALL'
          AND asset = 'ALL'
          and transaction_volume_usd > 0
      )
  ) a
GROUP BY
  address"
Can you find some blockchain addresses for me that rank within the top 0.1% based on volume of trades on all Decentralized Exchanges?,"SELECT
  address
FROM
  (
    SELECT
      address
    from
      (
        select
          address,
          sum(transaction_volume_usd) transaction_volume_usd
        FROM
          wired_address_dataset
        WHERE
          b_type = 'DeFi'
          AND statistical_type = 'token'
          AND platform_name = 'Dex'
          AND action = 'ALL'
          AND asset = 'ALL'
        group by
          address
      ) a
    where
      transaction_volume_usd > 0
    ORDER BY
      transaction_volume_usd DESC
    LIMIT
      (
        SELECT
          floor(COUNT(DISTINCT address) * 0.001)
        FROM
          wired_address_dataset
        WHERE
          b_type = 'DeFi'
          AND statistical_type = 'token'
          AND platform_name = 'Dex'
          AND action = 'ALL'
          AND asset = 'ALL'
          and transaction_volume_usd > 0
      )
  ) a
GROUP BY
  address"
"Are there any blockchain addresses that have a volume of trades ranging from $100 to $1,000 on all Decentralized Exchanges?","SELECT
address 
FROM
(SELECT
 address
 ,sum(transaction_volume_usd) transaction_volume_usd
FROM
    wired_address_dataset
WHERE
b_type = 'DeFi' 
and statistical_type = 'token' 
and platform_name = 'Dex'
and asset = 'ALL'
and action = 'ALL'
    group by address)a
where transaction_volume_usd between 100 and 1000
GROUP BY address"
Could you help me find blockchain addresses that have a volume of trades of at least 1 million on all Decentralized Exchanges?,"SELECT
address 
FROM
(SELECT
 address
 ,sum(transaction_volume_usd) transaction_volume_usd
FROM
    wired_address_dataset
WHERE
b_type = 'DeFi' 
and statistical_type = 'token' 
and platform_name = 'Dex'
and asset = 'ALL'
and action = 'ALL'
    group by address)a
where transaction_volume_usd >=1000000
GROUP BY address"
Please assist me in searching blockchain addresses that have a volume of trades of at least 1 billion on all Decentralized Exchanges.,"SELECT
address 
FROM
(SELECT
 address
 ,sum(transaction_volume_usd) transaction_volume_usd
FROM
    wired_address_dataset
WHERE
b_type = 'DeFi' 
and statistical_type = 'token' 
and platform_name = 'Dex'
and asset = 'ALL'
and action = 'ALL'
    group by address)a
where transaction_volume_usd >=1000000000
GROUP BY address"
"Who are the top 10% of traders, based on volume of trades, on all Decentralized Exchanges?","SELECT  address
FROM
(SELECT 
  address
  from
   (select 
     address
     ,sum(transaction_volume_usd) transaction_volume_usd
FROM wired_address_dataset
WHERE b_type = 'DeFi'
  AND statistical_type = 'token'
  AND platform_name ='Dex'
  AND action = 'ALL'
  AND asset = 'ALL'
  group by address) b
where transaction_volume_usd>0
ORDER BY transaction_volume_usd DESC
LIMIT (
  SELECT floor(COUNT(DISTINCT address) * 0.1) FROM wired_address_dataset 
WHERE b_type = 'DeFi' 
AND statistical_type = 'token' 
AND platform_name ='Dex'
 AND action = 'ALL' 
 AND asset = 'ALL'
 and transaction_volume_usd>0)) a
GROUP BY address"
" Are there any blockchain addresses that have a volume of swap trades ranging from $100 to $1,000 on all Decentralized Exchanges?","SELECT
address 
FROM
(SELECT
 address
 ,sum(transaction_volume_usd) transaction_volume_usd
FROM
    wired_address_dataset
WHERE
b_type = 'DeFi' 
and statistical_type = 'token' 
and platform_name = 'Dex'
and asset = 'ALL'
and action = 'swap' 
    group by address)a
where transaction_volume_usd between 100 and 1000
GROUP BY address"
Are there any traders who have a volume of Swap trades of at least 1 million on all Decentralized Exchanges?,"SELECT
address 
FROM
(SELECT
 address
 ,sum(transaction_volume_usd) transaction_volume_usd
FROM
    wired_address_dataset
WHERE
b_type = 'DeFi' 
and statistical_type = 'token' 
and platform_name = 'Dex'
and asset = 'ALL'
and action = 'swap' 
    group by address)a
where transaction_volume_usd >=1000000
GROUP BY address"
Who are the top 10% of traders on all Decentralized Exchanges based on the volume of Swap trades?,"SELECT
  address
FROM
  (
    SELECT
      address
    from
      (
        select
          address,
          sum(transaction_volume_usd) transaction_volume_usd
        FROM
          wired_address_dataset
        WHERE
          b_type = 'DeFi'
          AND statistical_type = 'token'
          AND platform_name = 'Dex'
          AND action = 'swap'
          AND asset = 'ALL'
        group by
          address
      ) b
    where
      transaction_volume_usd > 0
    ORDER BY
      transaction_volume_usd DESC
    LIMIT
      (
        SELECT
          floor(COUNT(DISTINCT address) * 0.1)
        FROM
          wired_address_dataset
        WHERE
          b_type = 'DeFi'
          AND statistical_type = 'token'
          AND platform_name = 'Dex'
          AND action = 'swap'
          AND asset = 'ALL'
          and transaction_volume_usd > 0
      )
  ) a
GROUP BY
  address;"
"Which addresses have an ETH volume ranging from $100 to $1,000?","SELECT
     address
FROM
    wired_address_dataset
WHERE   b_type='DeFi'
        AND statistical_type='token'
        AND platform_name='ALLNET'
        AND action ='ALL'
        AND asset = 'ETH'
        AND transaction_volume_usd between 100 and 1000 
GROUP BY address"
"Which addresses have an WETH volume ranging from $100 to $1,000?","SELECT
     address
FROM
    wired_address_dataset
WHERE   b_type='DeFi'
        AND statistical_type='token'
        AND platform_name='ALLNET'
        AND action ='ALL'
        AND asset = 'Wrapped Ether'
        AND transaction_volume_usd between 100 and 1000 
GROUP BY address"
Who are the top 10% of traders based on the volume of WETH trades?,"SELECT  address
FROM
(SELECT  address
FROM wired_address_dataset
WHERE b_type = 'DeFi'
 AND statistical_type = 'token'
 AND platform_name ='ALLNET'
 AND action = 'ALL'
 AND asset = 'Wrapped Ether'
 AND transaction_volume_usd > 0
ORDER BY transaction_volume_usd DESC
LIMIT (SELECT floor(COUNT(DISTINCT address) * 0.1) FROM wired_address_dataset 
WHERE b_type = 'DeFi' 
AND statistical_type = 'token' 
AND platform_name ='ALLNET'
AND action = 'ALL' 
AND asset = 'Wrapped Ether'
AND transaction_volume_usd > 0)) a
GROUP BY address"
Who are the top 10% of traders based on the volume of ETH trades?,"SELECT  address
FROM
(SELECT  address
FROM wired_address_dataset
WHERE b_type = 'DeFi'
 AND statistical_type = 'token'
 AND platform_name ='ALLNET'
 AND action = 'ALL'
 AND asset = 'ETH'
 AND transaction_volume_usd > 0
ORDER BY transaction_volume_usd DESC
LIMIT (SELECT floor(COUNT(DISTINCT address) * 0.1) FROM wired_address_dataset 
WHERE b_type = 'DeFi' 
AND statistical_type = 'token' 
AND platform_name ='ALLNET'
AND action = 'ALL' 
AND asset = 'ETH'
AND transaction_volume_usd > 0)) a
GROUP BY address"
Which addresses have an ETH and Erc20 Token activity have an activity count of 0-10?,"SELECT
     address
FROM
    wired_address_dataset
WHERE   b_type='DeFi'
        AND statistical_type='token'
        AND platform_name='ALLNET'
        AND action ='ALL'
        AND asset = 'ALL'
        AND transaction_count  between 0 AND 10
GROUP BY address"
What is the distribution of accounts with an ETH and Erc20 Token activity between 400 to 619?,"SELECT
     address
FROM
    wired_address_dataset
WHERE   b_type='DeFi'
        AND statistical_type='token'
        AND platform_name='ALLNET'
        AND action ='ALL'
        AND asset = 'ALL'
        AND transaction_count  between 400 AND 619
GROUP BY address"
Which addresses have with an ETH and Erc20 Token activity between 200 to 400 active?,"SELECT
     address
FROM
    wired_address_dataset
WHERE   b_type='DeFi'
        AND statistical_type='token'
        AND platform_name='ALLNET'
        AND action ='ALL'
        AND asset = 'ALL'
        AND transaction_count  between 200 AND 400
GROUP BY address"
Which accounts have an ETH activity count between 200 to 400?,"SELECT
     address
FROM
    wired_address_dataset
WHERE   b_type='DeFi'
        AND statistical_type='token'
        AND platform_name='ALLNET'
        AND action ='ALL'
        AND asset = 'ALL'
        AND transaction_count  between 200 AND 400
GROUP BY address"
"Who made trades on Uniswap with a volume traded ranging from $100 to $1,000?","select
     address
from
        (
        select
                address,
                sum(transaction_volume_usd) as transaction_volume_usd
        from
                wired_address_dataset
        where
                b_type = 'DeFi'
                and statistical_type = 'token'
                and platform_name in ('Uniswap_v2', 'Uniswap_v3')
                and action = 'ALL'
                and asset = 'ALL'
        group by
                address) b
where
        transaction_volume_usd >= 100
        and transaction_volume_usd <= 1000"
Who made trades on Uniswap with a volume traded of at least $1 million?," select
                address
        from
                (
                select
                        address,
                        sum(transaction_volume_usd) as transaction_volume_usd
                from
                        wired_address_dataset
                where
                        b_type = 'DeFi'
                        and statistical_type = 'token'
                        and platform_name in ('Uniswap_v2', 'Uniswap_v3')
                        and action = 'ALL'
                        and asset = 'ALL'
                group by
                        address) b
        where
                transaction_volume_usd >= 1000000"
Who are the traders on Uniswap who rank within the top 10% based on the volume traded?,"SELECT  address
FROM
(SELECT  address
  ,sum(transaction_volume_usd) transaction_volume_usd
FROM wired_address_dataset
WHERE b_type = 'DeFi'
 AND statistical_type = 'token'
 AND platform_name in ('Uniswap_v2','Uniswap_v3')
 AND action = 'ALL'
 AND asset = 'ALL'
 group by address) a
 where transaction_volume_usd>0
ORDER BY transaction_volume_usd DESC
LIMIT (SELECT floor(COUNT(DISTINCT address) * 0.1)  from (SELECT  address
  ,sum(transaction_volume_usd) transaction_volume_usd
FROM wired_address_dataset
WHERE b_type = 'DeFi'
 AND statistical_type = 'token'
 AND platform_name in ('Uniswap_v2','Uniswap_v3')
 AND action = 'ALL'
 AND asset = 'ALL'
 group by address) b
 where transaction_volume_usd>0)"
Where can I find the traders on Uniswap who rank within the top 2.5% based on the volume traded?,"SELECT  address
FROM
(SELECT  address
  ,sum(transaction_volume_usd) transaction_volume_usd
FROM wired_address_dataset
WHERE b_type = 'DeFi'
 AND statistical_type = 'token'
 AND platform_name in ('Uniswap_v2','Uniswap_v3')
 AND action = 'ALL'
 AND asset = 'ALL'
 group by address) a
 where transaction_volume_usd>0
ORDER BY transaction_volume_usd DESC
LIMIT (SELECT floor(COUNT(DISTINCT address) * 0.025)  from (SELECT  address
  ,sum(transaction_volume_usd) transaction_volume_usd
FROM wired_address_dataset
WHERE b_type = 'DeFi'
 AND statistical_type = 'token'
 AND platform_name in ('Uniswap_v2','Uniswap_v3')
 AND action = 'ALL'
 AND asset = 'ALL'
 group by address) b
 where transaction_volume_usd>0)"
"Who made trades on Uniswap with a volume of swap trades ranging from $100 to $1,000?","
        select
                address
        from
                (
                select
                        address,
                        sum(transaction_volume_usd) as transaction_volume_usd
                from
                        wired_address_dataset
                where
                        b_type = 'DeFi'
                        and statistical_type = 'token'
                        and platform_name in ('Uniswap_v2', 'Uniswap_v3')
                        and action = 'ALL'
                        and asset = 'ALL'
                group by
                        address) b
        where
                transaction_volume_usd >= 100
                and transaction_volume_usd <= 1000"
"Which addresses have an WETH trades volume ranging from $100 to $1,000 on all Decentralized Exchanges?","SELECT
address 
FROM
(SELECT
 address
 ,sum(transaction_volume_usd) transaction_volume_usd
FROM
    wired_address_dataset
WHERE
b_type = 'DeFi' 
and statistical_type = 'token' 
and platform_name = 'Dex'
AND action ='ALL'
AND asset = 'Wrapped Ether'
    group by address)a
where transaction_volume_usd between 100 and 1000
GROUP BY address"
Can you find some addresses for me that rank within the top 0.1% of traders on all platforms based on the trades volume of WETH trades on all Decentralized Exchanges?,"SELECT  address
FROM
(SELECT 
  address
  from
   (select 
     address
     ,sum(transaction_volume_usd) transaction_volume_usd
FROM wired_address_dataset
WHERE b_type = 'DeFi'
  AND statistical_type = 'token'
  AND platform_name ='Dex'
  AND action = 'ALL' 
  AND asset = 'Wrapped Ether'
  group by address) b
where transaction_volume_usd>0
ORDER BY transaction_volume_usd DESC
LIMIT (
  SELECT floor(COUNT(DISTINCT address) * 0.001) FROM wired_address_dataset 
WHERE b_type = 'DeFi' 
AND statistical_type = 'token' 
AND platform_name ='Dex'
AND action = 'ALL' 
AND asset = 'Wrapped Ether'
 and transaction_volume_usd>0)) a
GROUP BY address"
Which addresses have a WETH activity have an activity count of at least 619 on all Decentralized Exchanges?,"SELECT
  address 
    FROM
      wired_address_dataset
    WHERE
      b_type = 'DeFi'
      and statistical_type = 'token'
      and platform_name ='Dex'
      and asset = 'Wrapped Ether'
      and action = 'ALL' 
and
  transaction_count >=619
GROUP BY
  address"
Which addresses have an activity count of 0-10 on all Decentralized Exchanges?,"SELECT
address 
FROM
(SELECT
 address
 ,sum(transaction_count) transaction_count
FROM
    wired_address_dataset
WHERE
b_type = 'DeFi' 
and statistical_type = 'token' 
and platform_name != 'ALLNET'
AND action ='ALL'
AND asset = 'Wrapped Ether'
    group by address)a
where transaction_count between 0 and 10
GROUP BY address"
"Which addresses have an ETH and ERC20 token volume ranging from $100 to $1,000 on uniswap?","select
address
from 
(select 
    address
    ,sum(transaction_volume_usd) transaction_volume_usd
         from wired_address_dataset 
         where b_type = 'DeFi' 
         and statistical_type = 'token' 
         and platform_name in ('Uniswap_v2','Uniswap_v3')
         and asset = 'ALL' 
         and action = 'swap'  
       group by address) t
where  transaction_volume_usd between 100 and 1000
 GROUP BY address"
Can you provide the address that made trades on Uniswap and has $1000 in the number of swap volume traded?,"select
address
from 
(select 
    address
    ,sum(transaction_volume_usd) transaction_volume_usd
         from wired_address_dataset 
         where b_type = 'DeFi' 
         and statistical_type = 'token' 
         and platform_name in ('Uniswap_v2','Uniswap_v3')
         and asset = 'ALL' 
         and action = 'swap'  
       group by address) t
where transaction_volume_usd >1000
GROUP BY address"
What are the addresses that have made trades on Uniswap and are in the top 1% in the number of swap volume traded?,"SELECT  address
FROM
(SELECT  address
  ,sum(transaction_volume_usd) transaction_volume_usd
FROM wired_address_dataset
WHERE b_type = 'DeFi'
 AND statistical_type = 'token'
 AND platform_name in ('Uniswap_v2','Uniswap_v3')
 AND action = 'ALL'
 AND asset = 'ALL'
 group by address) a
 where transaction_volume_usd>0
ORDER BY transaction_volume_usd DESC
LIMIT (SELECT floor(COUNT(DISTINCT address) * 0.1)  from (SELECT  address
  ,sum(transaction_volume_usd) transaction_volume_usd
FROM wired_address_dataset
WHERE b_type = 'DeFi'
 AND statistical_type = 'token'
 AND platform_name in ('Uniswap_v2','Uniswap_v3')
 AND action = 'ALL'
 AND asset = 'ALL'
 group by address) b
 where transaction_volume_usd>0)"
"Which addresses have an WETH volume ranging from $100 to $1,000 on Uniswap?","select
address
from 
(select 
    address
    ,sum(transaction_volume_usd) transaction_volume_usd
         from wired_address_dataset 
         where b_type = 'DeFi' 
         and statistical_type = 'token' 
         AND asset = 'Wrapped Ether'
         and platform_name in ('Uniswap_v2','Uniswap_v3')
         and action = 'ALL' 
       group by address) t
where transaction_volume_usd between 100 and 1000
GROUP BY address"
Who are the top 10% of traders based on the volume of WETH trades on Uniswap?,"SELECT  address
FROM
(SELECT  address
  ,sum(transaction_volume_usd) transaction_volume_usd
FROM wired_address_dataset
WHERE b_type = 'DeFi'
 AND statistical_type = 'token'
 AND platform_name in ('Uniswap_v2','Uniswap_v3')
 AND action = 'ALL'
 AND asset = 'Wrapped Ether'
 group by address) a
 where transaction_volume_usd>0
ORDER BY transaction_volume_usd DESC
LIMIT (SELECT floor(COUNT(DISTINCT address) * 0.1)  from (SELECT  address
  ,sum(transaction_volume_usd) transaction_volume_usd
FROM wired_address_dataset
WHERE b_type = 'DeFi'
 AND statistical_type = 'token'
 AND platform_name in ('Uniswap_v2','Uniswap_v3')
 AND action = 'ALL'
 AND asset = 'Wrapped Ether'
 group by address) b
 where transaction_volume_usd>0)"
Where can I find the addresses that rank within the top 2.5% of traders based on the volume of WETH trades on Uniswap?,"SELECT  address
FROM
(SELECT  address
  ,sum(transaction_volume_usd) transaction_volume_usd
FROM wired_address_dataset
WHERE b_type = 'DeFi'
 AND statistical_type = 'token'
 AND platform_name in ('Uniswap_v2','Uniswap_v3')
 AND action = 'ALL'
 AND asset = 'Wrapped Ether'
 group by address) a
 where transaction_volume_usd>0
ORDER BY transaction_volume_usd DESC
LIMIT (SELECT floor(COUNT(DISTINCT address) * 0.025)  from (SELECT  address
  ,sum(transaction_volume_usd) transaction_volume_usd
FROM wired_address_dataset
WHERE b_type = 'DeFi'
 AND statistical_type = 'token'
 AND platform_name in ('Uniswap_v2','Uniswap_v3')
 AND action = 'ALL'
 AND asset = 'Wrapped Ether'
 group by address) b
 where transaction_volume_usd>0)"
Which addresses have a swap activity count of at least 619 on Uniswap?,"select 
address
from 
(SELECT
     address
     ,sum(transaction_count) transaction_count
FROM
    wired_address_dataset
WHERE   b_type='DeFi'
        AND statistical_type='token'
        AND platform_name  in ('Uniswap_v2','Uniswap_v3')
        AND action ='swap'
        AND asset = 'Wrapped Ether'
        group by address) b
        where transaction_count>=619
GROUP BY address"
Which addresses have an WETH swap activity have an activity count of at least 619 on Uniswap?,"select 
address
from 
(SELECT
     address
     ,sum(transaction_count) transaction_count
FROM
    wired_address_dataset
WHERE   b_type='DeFi'
        AND statistical_type='token'
        AND platform_name  in ('Uniswap_v2','Uniswap_v3')
        AND action ='swap'
        AND asset = 'Wrapped Ether'
        group by address) b
        where  transaction_count>=619
GROUP BY address"
Which addresses have an WETH swap activity have an activity count of between  200 and 400  on Uniswap?,"select 
address
from 
(SELECT
     address
     ,sum(transaction_count) transaction_count
FROM
    wired_address_dataset
WHERE   b_type='DeFi'
        AND statistical_type='token'
        AND platform_name  in ('Uniswap_v2','Uniswap_v3')
        AND action ='swap'
        AND asset = 'Wrapped Ether'
        group by address) b
        where transaction_count between 200 and 400
GROUP BY address"
" Which addresses have an WETH/USDT balance of $100-1,000 on Uniswap?","select
address
from 
(select 
    address
    ,sum(balance_usd) balance_usd
         from wired_address_dataset 
         where b_type = 'DeFi' 
         and statistical_type = 'LP' 
         and asset = 'WETH/USDT' 
         and platform_name in ('Uniswap_v2','Uniswap_v3')
         and action = 'ALL' 
       group by address) t
where  balance_usd between 100 and 1000
 group by address"
"Who are the users that have an WETH/USDT balance of at least $1,000,000 on Uniswap?","select
address
from 
(select 
    address
    ,sum(balance_usd) balance_usd
         from wired_address_dataset 
         where b_type = 'DeFi' 
         and statistical_type = 'LP' 
         and asset = 'WETH/USDT' 
         and platform_name in ('Uniswap_v2','Uniswap_v3')
         and action = 'ALL' 
       group by address) t
where balance_usd>=1000000
GROUP BY address"
What are the addresses that are in the top 10% of all existing Ethereum accounts regarding the account's WETH/USDT balance on Uniswap?,"SELECT  address
FROM
(SELECT  address
  ,sum(balance_usd) balance_usd
FROM wired_address_dataset
WHERE
 b_type = 'DeFi' 
 AND statistical_type = 'LP' 
 AND platform_name in ('Uniswap_v2','Uniswap_v3')
 AND action = 'ALL' 
 AND asset = 'WETH/USDT'
 group by  address) b
 where balance_usd > 0
ORDER BY balance_usd DESC
LIMIT (SELECT floor(COUNT(DISTINCT address) * 0.1) FROM 
(SELECT  address
  ,sum(balance_usd) balance_usd
FROM wired_address_dataset
WHERE
 b_type = 'DeFi' 
 AND statistical_type = 'LP' 
 AND platform_name in ('Uniswap_v2','Uniswap_v3')
 AND action = 'ALL' 
 AND asset = 'WETH/USDT'
 group by  address) b
where  balance_usd > 0)"
Could you help me find the addresses that are in the top 100 of all existing Ethereum accounts regarding the account's WETH/USDT balance on Uniswap?,"SELECT
address
FROM
(SELECT
 address
 ,sum(balance_usd) balance_usd
FROM
 wired_address_dataset 
WHERE
 b_type = 'DeFi' 
 AND statistical_type = 'LP' 
 AND platform_name in ('Uniswap_v2','Uniswap_v3')
 AND action = 'ALL' 
 AND asset = 'WETH/USDT' 
 AND  balance_usd>0
 group by address) t
ORDER BY
 balance_usd DESC 
 LIMIT 100"
Could you list the top 200 addresses that have been the largest Lp in WETH/USDT liquidity pools on Uniswap?,"SELECT
address
FROM
(SELECT
 address
 ,sum(balance_usd) balance_usd
FROM
 wired_address_dataset 
WHERE
 b_type = 'DeFi' 
 AND statistical_type = 'LP' 
 AND platform_name in ('Uniswap_v2','Uniswap_v3')
 AND action = 'ALL' 
 AND asset = 'WETH/USDT' 
 AND balance_usd>0
 group by address) t
ORDER BY
 balance_usd DESC 
 LIMIT 200"
"Who are the users that made trades on Uniswap, and has $100-$1,000 in number of WETH/USDT volume traded?","SELECT
address 
from
(SELECT
address
,sum(transaction_volume_usd) transaction_volume_usd
FROM
 wired_address_dataset 
WHERE
 b_type = 'DeFi' 
 AND statistical_type = 'LP' 
 AND asset = 'WETH/USDT' 
 AND platform_name in ('Uniswap_v2','Uniswap_v3')
  AND action = 'ALL' 
  group by address) b
where  transaction_volume_usd between 100 and 1000
 group by address"
"How can I find users who made trades on Uniswap, and has $1 Billion in number of WETH/USDT volume traded?","SELECT
address 
from
(SELECT
address
,sum(transaction_volume_usd) transaction_volume_usd
FROM
 wired_address_dataset 
WHERE
 b_type = 'DeFi' 
 AND statistical_type = 'LP' 
 AND asset = 'WETH/USDT' 
 AND platform_name in ('Uniswap_v2','Uniswap_v3')
  AND action = 'ALL' 
  group by address) b
where  transaction_volume_usd >= 1000000000
 group by address"
"Please help me find addresses that made trades on Uniswap, and is in the top 10% in number of WETH/USDT volume traded.","SELECT  address
FROM
(SELECT  address
FROM wired_address_dataset
WHERE
 b_type = 'DeFi' 
 AND statistical_type = 'LP' 
 AND platform_name in ('Uniswap_v2','Uniswap_v3')
 AND action = 'ALL' 
 AND asset = 'WETH/USDT' 
 AND transaction_volume_usd > 0
ORDER BY transaction_volume_usd DESC
LIMIT (SELECT floor(COUNT(DISTINCT address) * 0.1) FROM wired_address_dataset 
WHERE b_type = 'DeFi' 
AND statistical_type = 'LP' 
AND platform_name in ('Uniswap_v2','Uniswap_v3')
AND action = 'ALL' 
AND asset = 'WETH/USDT' 
AND transaction_volume_usd > 0)) a
GROUP BY address"
Could you send me the top 100 addresses that have been the fastest to enter WETH/USDT the liquidity pools on Uniswap?,"  SELECT
   address,
   first_tx_time
  FROM
   wired_address_dataset 
  WHERE
   b_type = 'DeFi' 
   AND statistical_type = 'LP' 
   AND platform_name  in ('Uniswap_v2','Uniswap_v3') 
   AND action = 'ALL' 
   AND asset = 'WETH/USDT' 
   AND first_tx_time IS NOT NULL 
   group by address,
   first_tx_time
   ORDER BY first_tx_time asc 
    LIMIT 100 "
Which addresses have an WETH/USDT activity count between 200 to 400 on Uniswap?,"select 
address
from
(SELECT
address
,sum(transaction_count) transaction_count
FROM wired_address_dataset 
WHERE b_type = 'DeFi' 
  AND statistical_type = 'LP' 
  AND asset = 'WETH/USDT' 
  AND platform_name in ('Uniswap_v2','Uniswap_v3') 
  AND action = 'ALL' 
  group by address) b
  where transaction_count between 200 and 400
 group by address"
Could you assist finding accounts with an WETH/USDT activity count between 400 to 619 on Uniswap?,"select 
address
from
(SELECT
address
,sum(transaction_count) transaction_count
FROM wired_address_dataset 
WHERE b_type = 'DeFi' 
  AND statistical_type = 'LP' 
  AND asset = 'WETH/USDT' 
  AND platform_name in ('Uniswap_v2','Uniswap_v3') 
  AND action = 'ALL' 
  group by address) b
  where   transaction_count between 400 and 619
 group by address"
"If I want to find some accounts with an WETH/USDT activity count of 0-10 on Uniswap, how to do that?","select 
address
from
(SELECT
address
,sum(transaction_count) transaction_count
FROM wired_address_dataset 
WHERE b_type = 'DeFi' 
  AND statistical_type = 'LP' 
  AND asset = 'WETH/USDT' 
  AND platform_name in ('Uniswap_v2','Uniswap_v3') 
  AND action = 'ALL' 
  group by address) b
  where  transaction_count between 0 and 10
  group by address"
"Can you find some addresses for me that made trades on Uniswap, and is in the top 0.1% in number of WETH/USDT volume traded?","select
        address
from
        (
        select
                address,
                sum(transaction_volume_usd) as transaction_volume_usd
        from
                wired_address_dataset
        where
                b_type = 'DeFi'
                and statistical_type = 'LP'
                and platform_name in ('Uniswap_v2', 'Uniswap_v3')
                and action = 'ALL'
                and asset = 'WETH/USDT'
        group by
                address) b
where
        transaction_volume_usd > 0
order by transaction_volume_usd desc
limit (
select
                floor(COUNT(distinct address) * 0.001)
from
                 (
        select
                address,
                sum(transaction_volume_usd) as transaction_volume_usd
        from
                wired_address_dataset
        where
                b_type = 'DeFi'
                and statistical_type = 'LP'
                and platform_name in ('Uniswap_v2', 'Uniswap_v3')
                        and action = 'ALL'
                        and asset = 'WETH/USDT'
                group by
                        address) a
where
        transaction_volume_usd > 0 ) "
"What do I need to do to find the addresses that made trades on Uniswap, and is in the top 1% in number of WETH/USDT volume traded?","select
        address
from
        (
        select
                address,
                sum(transaction_volume_usd) as transaction_volume_usd
        from
                wired_address_dataset
        where
                b_type = 'DeFi'
                and statistical_type = 'LP'
                and platform_name in ('Uniswap_v2', 'Uniswap_v3')
                and action = 'ALL'
                and asset = 'WETH/USDT'
        group by
                address) b
where
        transaction_volume_usd > 0
order by transaction_volume_usd desc
limit (
select
                floor(COUNT(distinct address) * 0.01)
from
                 (
        select
                address,
                sum(transaction_volume_usd) as transaction_volume_usd
        from
                wired_address_dataset
        where
                b_type = 'DeFi'
                and statistical_type = 'LP'
                and platform_name in ('Uniswap_v2', 'Uniswap_v3')
                        and action = 'ALL'
                        and asset = 'WETH/USDT'
                group by
                        address) a
where
        transaction_volume_usd > 0 ) "
"Where are the addresses that made trades on Uniswap, and is in the top 2.5% in number of WETH/USDT volume traded?","select
        address
from
        (
        select
                address,
                sum(transaction_volume_usd) as transaction_volume_usd
        from
                wired_address_dataset
        where
                b_type = 'DeFi'
                and statistical_type = 'LP'
                and platform_name in ('Uniswap_v2', 'Uniswap_v3')
                and action = 'ALL'
                and asset = 'WETH/USDT'
        group by
                address) b
where
        transaction_volume_usd > 0
order by transaction_volume_usd desc
limit (
select
                floor(COUNT(distinct address) * 0.025)
from
                 (
        select
                address,
                sum(transaction_volume_usd) as transaction_volume_usd
        from
                wired_address_dataset
        where
                b_type = 'DeFi'
                and statistical_type = 'LP'
                and platform_name in ('Uniswap_v2', 'Uniswap_v3')
                        and action = 'ALL'
                        and asset = 'WETH/USDT'
                group by
                        address) a
where
        transaction_volume_usd > 0 ) "
"Please help me find addresses that made trades on Uniswap, and is in the top 10% in number of WETH/USDT volume traded.","select
        address
from
        (
        select
                address,
                sum(transaction_volume_usd) as transaction_volume_usd
        from
                wired_address_dataset
        where
                b_type = 'DeFi'
                and statistical_type = 'LP'
                and platform_name in ('Uniswap_v2', 'Uniswap_v3')
                and action = 'ALL'
                and asset = 'WETH/USDT'
        group by
                address) b
where
        transaction_volume_usd > 0
order by transaction_volume_usd desc
limit (
select
                floor(COUNT(distinct address) * 0.1)
from
                 (
        select
                address,
                sum(transaction_volume_usd) as transaction_volume_usd
        from
                wired_address_dataset
        where
                b_type = 'DeFi'
                and statistical_type = 'LP'
                and platform_name in ('Uniswap_v2', 'Uniswap_v3')
                        and action = 'ALL'
                        and asset = 'WETH/USDT'
                group by
                        address) a
where
        transaction_volume_usd > 0 ) "
"Among the accounts that have collected NFTs, who are the users that are in the top 10% in terms of the number of Web3 NFTs collected?","SELECT  address
FROM
(SELECT  address
FROM wired_address_dataset
WHERE
b_type = 'web3'
AND statistical_type = 'web3'
AND platform_name = 'ALL'
AND asset = 'ALL'
AND action = 'ALL'
AND balance_usd > 0
ORDER BY balance_count DESC
LIMIT (SELECT floor(COUNT(DISTINCT address) * 0.1) FROM wired_address_dataset 
WHERE b_type = 'web3'
AND statistical_type = 'web3'
AND platform_name = 'ALL'
AND asset = 'ALL'
AND action = 'ALL'
AND balance_usd > 0)) a
GROUP BY address"
"Who are the addresses which collected NFTs, and is in the top 2.5% in number of NFT collected on Web3 industry?","SELECT  address
FROM
(SELECT  address
FROM wired_address_dataset
WHERE
b_type = 'web3'
AND statistical_type = 'web3'
AND platform_name = 'ALL'
AND asset = 'ALL'
AND action = 'ALL'
AND balance_count > 0
ORDER BY balance_count DESC
LIMIT (SELECT floor(COUNT(DISTINCT address) * 0.025) FROM wired_address_dataset 
WHERE b_type = 'web3'
AND statistical_type = 'web3'
AND platform_name = 'ALL'
AND asset = 'ALL'
AND action = 'ALL'
AND balance_count > 0)) a
GROUP BY address"
"Which addresses have collected NFTs, and is in the top 1% in number of NFT collected on Web3 industry?","SELECT
  address
  FROM
  (SELECT  address
  FROM wired_address_dataset
  WHERE
  b_type = 'web3'
  AND statistical_type = 'web3'
  AND platform_name = 'ALL'
  AND asset = 'ALL'
  AND action = 'ALL'
  AND balance_count > 0
  ORDER BY balance_count DESC
  LIMIT (SELECT floor(COUNT(DISTINCT address) * 0.01) FROM wired_address_dataset 
  WHERE b_type = 'web3'
  AND statistical_type = 'web3'
  AND platform_name = 'ALL'
  AND asset = 'ALL'
  AND action = 'ALL'
  AND balance_count > 0)) a
  GROUP BY address"
"Please help me find the accounts that collected NFTs, and is in the top 0.1% in number of NFT collected on Web3 industry?","SELECT
  address
  FROM
  (SELECT  address
  FROM wired_address_dataset
  WHERE
  b_type = 'web3'
  AND statistical_type = 'web3'
  AND platform_name = 'ALL'
  AND asset = 'ALL'
  AND action = 'ALL'
  AND balance_count > 0
  ORDER BY balance_count DESC
  LIMIT (SELECT floor(COUNT(DISTINCT address) * 0.001) FROM wired_address_dataset 
  WHERE b_type = 'web3'
  AND statistical_type = 'web3'
  AND platform_name = 'ALL'
  AND asset = 'ALL'
  AND action = 'ALL'
  AND balance_count > 0)) a
  GROUP BY address"
"Could you show me the accounts that collected NFTs, and is in the top 100 in number of NFT collected on Web3 industry?","SELECT
  address
FROM
  wired_address_dataset
WHERE
  b_type = 'web3'
  AND statistical_type = 'web3'
  AND platform_name = 'ALL'
  AND asset = 'ALL'
  AND action = 'ALL'
  AND balance_usd > 0
ORDER BY
  balance_usd DESC
LIMIT 100"
Which accounts in the Web3 industry have an count of 0-10?,"SELECT
  address
FROM
  wired_address_dataset
WHERE
  b_type = 'web3'
  AND statistical_type = 'web3'
  AND platform_name = 'ALL'
  AND asset = 'ALL'
  AND action = 'ALL'
  AND balance_count BETWEEN 0 AND 10
  group by address"
Which addresses in the Web3 industry have an count of at least 619?,"SELECT
  address
FROM
  wired_address_dataset
WHERE
  b_type = 'web3'
  AND statistical_type = 'web3'
  AND platform_name = 'ALL'
  AND asset = 'ALL'
  AND action = 'ALL'
  AND balance_count >= 619
  group by address"
Which addresses have an NFT Recipient count between 200 to 400 on Web3 industry?,"SELECT
    address
  FROM
    wired_address_dataset
  WHERE
    b_type = 'web3'
    AND statistical_type = 'web3'
    AND platform_name = 'ALL'
    AND action = 'NFT Recipient'
    AND asset = 'ALL'
    AND balance_count BETWEEN 200 AND 400
  GROUP BY address"
Which accounts in the Web3 industry have an article count of 0-10?,"SELECT
    address
  FROM
    wired_address_dataset
  WHERE
    b_type = 'web3'
    AND statistical_type = 'web3'
    AND platform_name = 'ALL'
    AND action = 'wirte'
    AND asset = 'ALL'
    AND balance_count BETWEEN 0 AND 10
  GROUP BY address"
Can you show me the accounts in the Web3 industry have an article count of over 100?,"SELECT
    address
  FROM
    wired_address_dataset
  WHERE
    b_type = 'web3'
    AND statistical_type = 'web3'
    AND platform_name = 'ALL'
    AND action = 'wirte'
    AND asset = 'ALL'
    AND balance_count > 100
  GROUP BY address"
"Among the accounts that have written articles, which address are in the top 10% in terms of the number of articles published?","SELECT
address
FROM
(SELECT address
FROM wired_address_dataset
WHERE b_type = 'web3'
  AND statistical_type = 'web3'
  AND platform_name = 'ALL'
  AND action = 'write'
  AND asset = 'ALL'
  AND balance_count > 0
order by balance_count desc
limit (SELECT floor(count(distinct address) * 0.1)
       FROM wired_address_dataset
       WHERE b_type = 'web3'
         AND statistical_type = 'web3'
         AND platform_name = 'ALL'
         AND action = 'write'
         AND asset = 'ALL'
         AND balance_count > 0)) a
  GROUP BY address"
"Who are the addresses which wrote articles, and is in the top 2.5% in number of articles published on Mirror?","select
address
FROM
(SELECT address
FROM wired_address_dataset
WHERE b_type = 'web3'
  AND statistical_type = 'web3'
  AND platform_name = 'Mirror'
  AND action = 'write'
  AND asset = 'ALL'
  AND balance_count > 0
order by balance_count desc
limit (SELECT floor(count(distinct address) * 0.025)
       FROM wired_address_dataset
       WHERE b_type = 'web3'
         AND statistical_type = 'web3'
         AND platform_name = 'Mirror'
         AND action = 'write'
         AND asset = 'ALL'
         AND balance_count > 0)) a
  GROUP BY address"
"Which addresses that wrote articles, and is in the top 1% in number of articles published on Mirror?","select 
address
FROM
(SELECT address
FROM wired_address_dataset
WHERE b_type = 'web3'
  AND statistical_type = 'web3'
  AND platform_name = 'Mirror'
  AND action = 'write'
  AND asset = 'ALL'
  AND balance_count > 0
order by balance_count desc
limit (SELECT floor(count(distinct address) * 0.01)
       FROM wired_address_dataset
       WHERE b_type = 'web3'
         AND statistical_type = 'web3'
         AND platform_name = 'Mirror'
         AND action = 'write'
         AND asset = 'ALL'
         AND balance_count > 0)) a
  GROUP BY address"
"Please help me find the accounts that wrote articles, and is in the top 0.1% in number of articles published on Mirror?","select 
address
FROM
(SELECT address
FROM wired_address_dataset
WHERE b_type = 'web3'
  AND statistical_type = 'web3'
  AND platform_name = 'Mirror'
  AND action = 'write'
  AND asset = 'ALL'
  AND balance_count > 0
order by balance_count desc
limit (SELECT floor(count(distinct address) * 0.001)
       FROM wired_address_dataset
       WHERE b_type = 'web3'
         AND statistical_type = 'web3'
         AND platform_name = 'Mirror'
         AND action = 'write'
         AND asset = 'ALL'
         AND balance_count > 0)) a
  GROUP BY address"
Which accounts on Mirror have an NFT count of 1 on Mirror?,"SELECT 
address 
FROM wired_address_dataset 
WHERE b_type='web3' 
AND statistical_type='web3' 
AND platform_name='Mirror' 
AND action='ALL' 
AND asset='ALL' 
AND balance_count = 1 
GROUP BY address"
Can you show me the accounts on Mirror have an NFT count of over 100?,"SELECT
  address
FROM
  wired_address_dataset
WHERE
  b_type = 'web3'
  AND statistical_type = 'web3'
  AND platform_name = 'Mirror'
  AND action = 'ALL'
  AND asset = 'ALL'
  AND balance_count > 100
GROUP BY address"
"Among the accounts that have collected NFTs, who are the users that are in the top 10% in terms of the number of web3 NFTs collected on Mirror?","select 
address
FROM
(SELECT address
FROM wired_address_dataset
WHERE b_type = 'web3'
AND statistical_type = 'web3'
AND platform_name = 'Mirror'
AND action = 'ALL'
AND asset = 'ALL'
  AND balance_count > 0
order by balance_count desc
limit (SELECT floor(count(distinct address) * 0.1)
       FROM wired_address_dataset
       WHERE b_type = 'web3'
       AND statistical_type = 'web3'
       AND platform_name = 'Mirror'
       AND action = 'ALL'
       AND asset = 'ALL'
       AND balance_count > 0)) a
  GROUP BY address"
"Who are the addresses which collected NFTs, and is in the top 2.5% in number of NFT collected on Mirror?","select 
address
FROM
(SELECT address
FROM wired_address_dataset
WHERE b_type = 'web3'
AND statistical_type = 'web3'
AND platform_name = 'Mirror'
AND action = 'ALL'
AND asset = 'ALL'
  AND balance_count > 0
order by balance_count desc
limit (SELECT floor(count(distinct address) * 0.025)
       FROM wired_address_dataset
       WHERE b_type = 'web3'
       AND statistical_type = 'web3'
       AND platform_name = 'Mirror'
       AND action = 'ALL'
       AND asset = 'ALL'
       AND balance_count > 0)) a
  GROUP BY address"
"Which addresses have collected NFTs, and is in the top 1% in number of NFT collected on Mirror?","select 
address
FROM
(SELECT address
FROM wired_address_dataset
WHERE b_type = 'web3'
AND statistical_type = 'web3'
AND platform_name = 'Mirror'
AND action = 'ALL'
AND asset = 'ALL'
  AND balance_count > 0
order by balance_count desc
limit (SELECT floor(count(distinct address) * 0.01)
       FROM wired_address_dataset
       WHERE b_type = 'web3'
       AND statistical_type = 'web3'
       AND platform_name = 'Mirror'
       AND action = 'ALL'
       AND asset = 'ALL'
       AND balance_count > 0)) a
  GROUP BY address"
"Please help me find the accounts that collected NFTs, and is in the top 0.1% in number of NFT collected on Mirror?","select 
address
FROM
(SELECT address
FROM wired_address_dataset
WHERE b_type = 'web3'
AND statistical_type = 'web3'
AND platform_name = 'Mirror'
AND action = 'ALL'
AND asset = 'ALL'
  AND balance_count > 0
order by balance_count desc
limit (SELECT floor(count(distinct address) * 0.001)
       FROM wired_address_dataset
       WHERE b_type = 'web3'
       AND statistical_type = 'web3'
       AND platform_name = 'Mirror'
       AND action = 'ALL'
       AND asset = 'ALL'
       AND balance_count > 0)) a
  GROUP BY address"
"Could you show me the accounts that collected NFTs, and is in the top 100 in number of NFT collected on Mirror?","SELECT
address
FROM wired_address_dataset
WHERE  b_type = 'web3'
AND statistical_type = 'web3'
AND platform_name = 'Mirror'
AND action = 'NFT Recipient'
AND asset = 'ALL'
AND balance_count>0
ORDER BY balance_count desc 
limit 100"
"Who has transfer NFTs, and is in the top 10% in volume of NFT transfer?","select 
address
from 
(select
 address
from
 wired_address_dataset
where
 b_type = 'nft'
 and statistical_type = 'nft'
 and platform_name = 'ALLNET'
 and asset = 'ALL'
 and action = 'Transfer'
 and transaction_volume_usd>0
order by
 transaction_volume_usd desc
limit (
select
 floor(COUNT(distinct address) * 0.1)
from
 wired_address_dataset
where
 b_type = 'nft'
 and statistical_type = 'nft'
 and platform_name = 'ALLNET'
 and asset = 'ALL'
 and action = 'Transfer' 
 and transaction_volume_usd>0)) a
 GROUP by address"
Which users transfer NFTs and are among the top 2.5% in terms of the number of NFT transfer?,"select 
address
from 
(select
 address
from
 wired_address_dataset
where
 b_type = 'nft'
 and statistical_type = 'nft'
 and platform_name = 'ALLNET'
 and asset = 'ALL'
 and action = 'Transfer'
 and transaction_volume_usd>0
order by
 transaction_volume_usd desc
limit (
select
floor( COUNT(distinct address) * 0.025)
from
 wired_address_dataset
where
 b_type = 'nft'
 and statistical_type = 'nft'
 and platform_name = 'ALLNET'
 and asset = 'ALL'
 and action = 'Transfer' 
 and transaction_volume_usd>0)) a
 GROUP by address"
Which account has an NFT burning activity ranging from 200 to 400?,"SELECT
address
FROM
  wired_address_dataset
WHERE
  b_type = 'nft'
  AND statistical_type = 'nft'
  AND platform_name = 'ALLNET'
  AND action = 'Burn'
  AND transaction_count between 200 AND 400
group by address"
Who is the user with an NFT burning activity count between 400 to 619?,"SELECT
address
FROM
  wired_address_dataset
WHERE
  b_type = 'nft'
  AND statistical_type = 'nft'
  AND platform_name = 'ALLNET'
  AND action = 'Burn'
  AND transaction_count between 400 AND 619
group by address"
Can you provide the name of the account with NFT burning activity at least 619?,"SELECT
address
FROM
  wired_address_dataset
WHERE
  b_type = 'nft'
  AND statistical_type = 'nft'
  AND platform_name = 'ALLNET'
  AND action = 'Burn'
  AND transaction_count >=619
group by address"
Which account has an NFT burning activity ranging from 0 to 10?,"SELECT
address
FROM
  wired_address_dataset
WHERE
  b_type = 'nft'
  AND statistical_type = 'nft'
  AND platform_name = 'ALLNET'
  AND action = 'Burn'
  AND transaction_count between 0 AND 10
group by address"
Which account has a CryptoPunks sale activity count ranging from 200 to 400?,"SELECT
address
FROM
  wired_address_dataset
WHERE
  b_type = 'nft'
  AND statistical_type = 'nft'
  AND platform_name = 'ALLNET'
  AND asset = 'CryptoPunks'
  AND action = 'Sale'
  AND transaction_count between 200 and 400
  GROUP BY address"
Who is the user with a CryptoPunks sale activity count between 400 to 619?,"SELECT
address
FROM
  wired_address_dataset
WHERE
  b_type = 'nft'
  AND statistical_type = 'nft'
  AND platform_name = 'ALLNET'
  AND asset = 'CryptoPunks'
  AND action = 'Sale'
  AND transaction_count between 400 and 619
  GROUP BY address"
Can you provide the name of the account with a CryptoPunks sale activity count of at least 619?,"SELECT
address
FROM
  wired_address_dataset
WHERE
  b_type = 'nft'
  AND statistical_type = 'nft'
  AND platform_name = 'ALLNET'
  AND asset = 'CryptoPunks'
  AND action = 'Sale'
  AND transaction_count >= 619
  GROUP BY address"
Which account has a CryptoPunks sale activity count ranging from 0 to 10?,"SELECT
address
FROM
  wired_address_dataset
WHERE
  b_type = 'nft'
  AND statistical_type = 'nft'
  AND platform_name = 'ALLNET'
  AND asset = 'CryptoPunks'
  AND action = 'Sale'
  AND transaction_count between 0 and 10
  GROUP BY address"
Which account has a CryptoPunks transfer activity count ranging from 200 to 400?,"SELECT
address
FROM
  wired_address_dataset
WHERE
  b_type = 'nft'
  AND statistical_type = 'nft'
  AND platform_name = 'ALLNET'
  AND asset = 'CryptoPunks'
  AND action = 'Transfer'
  AND transaction_count between 200 AND 400
  GROUP BY address"
Who is the user with a CryptoPunks transfer activity count between 400 to 619?,"SELECT
address
FROM
  wired_address_dataset
WHERE
  b_type = 'nft'
  AND statistical_type = 'nft'
  AND platform_name = 'ALLNET'
  AND asset = 'CryptoPunks'
  AND action = 'Transfer'
  AND transaction_count between 400 AND 619
  GROUP BY address"
Can you provide the name of the account with a CryptoPunks transfer activity count of at least 619?,"SELECT
address
FROM
  wired_address_dataset
WHERE
  b_type = 'nft'
  AND statistical_type = 'nft'
  AND platform_name = 'ALLNET'
  AND asset = 'CryptoPunks'
  AND action = 'Transfer'
  AND transaction_count >=619
  GROUP BY address"
Which account has a CryptoPunks transfer activity count ranging from 0 to 10?,"SELECT
address
FROM
  wired_address_dataset
WHERE
  b_type = 'nft'
  AND statistical_type = 'nft'
  AND platform_name = 'ALLNET'
  AND asset = 'CryptoPunks'
  AND action = 'Transfer'
  AND transaction_count between 0 AND 10
  GROUP BY address"
"Who has minted NFTs, and is in the top 10% in volume of NFT minted?","select 
address
from 
(select
 address
from
 wired_address_dataset
where
b_type = 'nft' 
AND statistical_type = 'nft' 
AND platform_name = 'ALLNET' 
AND action = 'Mint' 
AND asset = 'CryptoPunks' 
 and transaction_volume_usd>0
order by
 transaction_volume_usd desc
limit (
select
 floor(COUNT(distinct address) * 0.1)
from
 wired_address_dataset
where
b_type = 'nft' 
AND statistical_type = 'nft' 
AND platform_name = 'ALLNET' 
AND action = 'Mint' 
AND asset = 'CryptoPunks' 
 and transaction_volume_usd>0)) a
 GROUP by address"
Which users have an NFT minting Volume count of over 200?,"SELECT 
address
FROM
 wired_address_dataset 
WHERE
 b_type = 'nft' 
 AND statistical_type = 'nft' 
 AND platform_name = 'ALLNET' 
 AND asset = 'CryptoPunks' 
 AND action = 'Mint' 
 AND transaction_volume_usd  > 200
 GROUP BY address"
Which addresses have an NFT minting Volume count of 1-2?,"SELECT 
address
FROM
 wired_address_dataset 
WHERE
 b_type = 'nft' 
 AND statistical_type = 'nft' 
 AND platform_name = 'ALLNET' 
 AND asset = 'CryptoPunks' 
 AND action = 'Mint' 
 AND transaction_volume_usd  between 0 and 2
 GROUP BY address"
Who are the users who have bought CryptoPunks and rank in the top 10% in terms of the volume of CryptoPunks sale?,"select 
address
from 
(select
 address
from
 wired_address_dataset
where
b_type = 'nft' 
AND statistical_type = 'nft' 
AND platform_name = 'ALLNET' 
AND action = 'Sale' 
AND asset = 'CryptoPunks' 
 and transaction_volume_usd>0
order by
 transaction_volume_usd desc
limit (
select
 floor(COUNT(distinct address) * 0.1)
from
 wired_address_dataset
where
b_type = 'nft' 
AND statistical_type = 'nft' 
AND platform_name = 'ALLNET' 
AND action = 'Sale' 
AND asset = 'CryptoPunks' 
 and transaction_volume_usd>0)) a
 GROUP by address"
Who has a CryptoPunks sale volume count of over 200?,"SELECT address
FROM
 wired_address_dataset 
WHERE
 b_type = 'nft' 
 AND statistical_type = 'nft' 
 AND platform_name = 'ALLNET' 
 AND asset = 'CryptoPunks' 
 AND action = 'Sale' 
 AND transaction_volume_usd  > 200
 GROUP BY address"
Who are the users who have minted CryptoPunks and rank in the top 10% in terms of the volume of CryptoPunks minted?,"select 
address
from 
(select
 address
from
 wired_address_dataset
where
b_type = 'nft' 
AND statistical_type = 'nft' 
AND platform_name = 'ALLNET' 
AND action = 'Mint' 
AND asset = 'CryptoPunks' 
 and transaction_volume_usd>0
order by
 transaction_volume_usd desc
limit (
select
 floor(COUNT(distinct address) * 0.1)
from
 wired_address_dataset
where
b_type = 'nft' 
AND statistical_type = 'nft' 
AND platform_name = 'ALLNET' 
AND action = 'Mint' 
AND asset = 'CryptoPunks' 
 and transaction_volume_usd>0)) a
 GROUP by address"
Who has a CryptoPunks minting volume count of over 200?,"SELECT address
FROM
 wired_address_dataset 
WHERE
 b_type = 'nft' 
 AND statistical_type = 'nft' 
 AND platform_name = 'ALLNET' 
 AND asset = 'CryptoPunks' 
 AND ACTION = 'Mint' 
 AND transaction_volume_usd > 200
 group by address"
Who are the users who have transferred CryptoPunks and rank in the top 10% in terms of the volume of CryptoPunks transfer?,"select 
address
from 
(select
 address
from
 wired_address_dataset
where
b_type = 'nft' 
AND statistical_type = 'nft' 
AND platform_name = 'ALLNET' 
AND action = 'Transfer' 
AND asset = 'CryptoPunks' 
 and transaction_volume_usd>0
order by
 transaction_volume_usd desc
limit (
select
 floor(COUNT(distinct address) * 0.1)
from
 wired_address_dataset
where
b_type = 'nft' 
AND statistical_type = 'nft' 
AND platform_name = 'ALLNET' 
AND action = 'Transfer' 
AND asset = 'CryptoPunks' 
 and transaction_volume_usd>0)) a
 GROUP by address"
Who has a CryptoPunks transfer volume count of over 200?,"SELECT address
FROM
 wired_address_dataset 
WHERE
 b_type = 'nft' 
 AND statistical_type = 'nft' 
 AND platform_name = 'ALLNET' 
 AND asset = 'CryptoPunks' 
 AND action = 'Transfer' 
 AND transaction_volume_usd  > 200
 group by address"
Which account has an NFT buying activity ranging from 200 to 400 on all Marketplaces?,"SELECT
address 
FROM
 wired_address_dataset 
WHERE
 b_type = 'nft' 
 AND statistical_type = 'nft' 
 AND platform_name = 'ALL' 
 AND action = 'Buy' 
 AND asset = 'ALL' 
 AND transaction_count between 200 AND 400
 group by address"
Can you provide the name of the account with NFT buying activity at least 619 on all Marketplaces?,"SELECT
address 
FROM
 wired_address_dataset 
WHERE
 b_type = 'nft' 
 AND statistical_type = 'nft' 
 AND platform_name = 'ALL' 
 AND action = 'Buy' 
 AND asset = 'ALL' 
 AND transaction_count >=619
 group by address"
Which account has an NFT buying activity ranging from 0 to 10 on all Marketplaces?,"SELECT
address 
FROM
 wired_address_dataset 
WHERE
 b_type = 'nft' 
 AND statistical_type = 'nft' 
 AND platform_name = 'ALL' 
 AND action = 'Buy' 
 AND asset = 'ALL' 
 AND transaction_count between 0 AND 10
 group by address"
Which account has an NFT buying activity ranging from 200 to 400 on Opensea?,"SELECT
address
FROM
 wired_address_dataset 
WHERE
 b_type = 'nft' 
 AND statistical_type = 'nft' 
 AND platform_name = 'Opensea' 
 AND action = 'Buy' 
 AND asset = 'ALL' 
 AND transaction_count between 200 AND 400
 GROUP BY address"
Who is the user with an NFT buying activity count between 400 to 619 on Opensea?,"SELECT
address
FROM
 wired_address_dataset 
WHERE
 b_type = 'nft' 
 AND statistical_type = 'nft' 
 AND platform_name = 'Opensea' 
 AND action = 'Buy' 
 AND asset = 'ALL' 
 AND transaction_count between 400 AND 619
 GROUP BY address"
Can you provide the name of the account with NFT buying activity at least 619 on Opensea?,"SELECT
address
FROM
 wired_address_dataset 
WHERE
 b_type = 'nft' 
 AND statistical_type = 'nft' 
 AND platform_name = 'Opensea' 
 AND action = 'Buy' 
 AND asset = 'ALL' 
 AND transaction_count >= 619
 GROUP BY address"
Which account has an NFT buying activity ranging from 0 to 10 on Opensea?,"SELECT
address
FROM
 wired_address_dataset 
WHERE
 b_type = 'nft' 
 AND statistical_type = 'nft' 
 AND platform_name = 'Opensea' 
 AND action = 'Buy' 
 AND asset = 'ALL' 
 AND transaction_count between 0 AND 10
 GROUP BY address"
Which account has an NFT deposit activity ranging from 200 to 400 on Blur?,"SELECT address
FROM wired_address_dataset
WHERE b_type = 'nft'
    AND statistical_type = 'token'
    AND platform_name = 'Blur'
    AND asset = 'ALL'
    AND action = 'Deposit'
    AND transaction_count between 200 AND 400
group by address"
Can you provide the name of the account with NFT lend activity at least 619 on Blur?,"SELECT address
FROM wired_address_dataset
WHERE b_type = 'nft'
    AND statistical_type = 'nft'
    AND platform_name = 'Blur'
    AND asset = 'ALL'
    AND action = 'Lend'
    AND transaction_count >= 619
group by address"
Which account has an NFT lend activity ranging from 0 to 10 on Blur?,"SELECT address
FROM wired_address_dataset
WHERE b_type = 'nft'
    AND statistical_type = 'nft'
    AND platform_name = 'Blur'
    AND asset = 'ALL'
    AND action = 'Lend'
    AND transaction_count between 0 and 10
group by address"
"Who has sold NFTs, and is in the top 10% in volume of NFT sale on Opensea?","select 
address
from 
(select
 address
from
 wired_address_dataset
where b_type = 'nft'
    AND statistical_type = 'nft'
    AND platform_name = 'Opensea'
    AND asset = 'ALL'
    AND action = 'Sale'  
    and transaction_volume_usd>0
order by transaction_volume_usd desc
limit 
  (
select
 floor(COUNT(distinct address) * 0.1)
from
 wired_address_dataset
where
  b_type = 'nft'
    AND statistical_type = 'nft'
      AND platform_name = 'Opensea'
    AND asset = 'ALL'
    AND action = 'Sale'  
    and transaction_volume_usd>0)) a
  group by address"
"Which users have an NFT Sale Volume of over $500,000 on Opensea?","SELECT address
FROM wired_address_dataset
WHERE b_type = 'nft'
    AND statistical_type = 'nft'
    AND platform_name = 'Opensea'
    AND asset = 'ALL'
    AND action = 'Sale'
    AND transaction_volume_usd>= 500000
group by address"
Which addresses have an NFT Sale Volume  of $100-$1000 on Opensea?,"SELECT address
FROM wired_address_dataset
WHERE b_type = 'nft'
    AND statistical_type = 'nft'
    AND platform_name = 'Opensea'
    AND asset = 'ALL'
    AND action = 'Sale'
    AND transaction_volume_usd between 100 and 1000
group by address"
Can you provide the name of the account with NFT withdraw volume at least 619 on Blur?,"SELECT distinct address
FROM wired_address_dataset_temp
WHERE b_type = 'nft'
    AND statistical_type = 'token'
    AND platform_name = 'Blur'
    AND asset = 'ALL'
    AND action = 'Withdraw'
    AND transaction_volume_usd >= 619
group by address"
"Which users have a Blur bid volume of over $500,000?","SELECT address
FROM wired_address_dataset
WHERE b_type = 'nft'
    AND statistical_type = 'nft'
    AND platform_name = 'Blur'
    AND asset = 'ALL'
    AND action = 'Bid'
    AND transaction_volume_usd > 500000
group by address"
Which users have Blur bid volume  of $100-$1000?,"SELECT address
FROM wired_address_dataset
WHERE b_type = 'nft'
    AND statistical_type = 'nft'
    AND platform_name = 'Blur'
    AND asset = 'ALL'
    AND action = 'Bid'
    AND transaction_volume_usd between 100 and 1000
group by address"
"Which users have a Blur lend volume  of over $500,000?","SELECT address
FROM wired_address_dataset
WHERE b_type = 'nft'
    AND statistical_type = 'nft'
    AND platform_name = 'Blur'
    AND asset = 'ALL'
    AND action = 'Lend'
    AND transaction_volume_usd >= 500000
group by address"
Which users have Blur lend volume  of $100-$1000?,"SELECT address
FROM wired_address_dataset
WHERE b_type = 'nft'
    AND statistical_type = 'nft'
    AND platform_name = 'Blur'
    AND asset = 'ALL'
    AND action = 'Lend'
    AND transaction_volume_usd between 100 and 1000
group by address"
Which account has an NFT traded activity ranging from 200 to 400 on all Marketplaces?,"SELECT
address
FROM wired_address_dataset
WHERE b_type = 'nft'
    AND statistical_type = 'nft'
    AND platform_name = 'ALL'
    AND asset = 'ALL'
    AND action = 'ALL'
    AND transaction_count between 200
    AND 400
group by address"
Which account has an NFT traded activity ranging from 0 to 10 on all Marketplaces?,"SELECT
address
FROM wired_address_dataset
WHERE b_type = 'nft'
    AND statistical_type = 'nft'
    AND platform_name = 'ALL'
    AND asset = 'ALL'
    AND action = 'ALL'
    AND transaction_count  between 0
    AND 10
group by address"
Which account has an NFT sale activity ranging from 200 to 400 on Opensea?,"SELECT address
FROM wired_address_dataset
WHERE b_type = 'nft'
    AND statistical_type = 'nft'
    AND platform_name = 'Opensea'
    AND asset = 'ALL'
    AND action = 'Sale'
    AND transaction_count between 200 AND 400
group by address"
Which account has an NFT sale activity ranging from 0 to 10 on Opensea?,"SELECT address
FROM wired_address_dataset
WHERE b_type = 'nft'
    AND statistical_type = 'nft'
    AND platform_name = 'Opensea'
    AND asset = 'ALL'
    AND action = 'Sale'
    AND transaction_count between 0 AND 10
group by address"
"Which users sold NFTs, and is in the top 1% in both the activity and volume of NFT sale on Opensea?","select
  address
 from
  (
  select
   a2.address,
   cast(a2.count_sum as numeric)/ cast(count_sum_total as numeric) as zb_rate,
   cast(a2.transfer_count_sum as numeric) /cast(a2.count_sum_total as numeric) as zb_rate_transfer_count
  from
   (
   select
    a1.address,
    count_sum_total,
    row_number() over(order by transaction_volume_usd desc) as count_sum,
    row_number() over(order by transaction_count desc) as transfer_count_sum
   from
    (
    select
     transaction_volume_usd,
     transaction_count,
     address
    from wired_address_dataset
    where
     b_type = 'nft'
     and statistical_type = 'nft'
     and platform_name = 'Opensea'
     and asset = 'ALL'
     and action = 'ALL'
     and transaction_volume_usd >0
     group by address,transaction_volume_usd,
     transaction_count) as a1
   inner join
   (
    select
     count(distinct address) as count_sum_total
    from
     wired_address_dataset
    where
     b_type = 'nft'
     and statistical_type = 'nft'
     and platform_name = 'Opensea'
     and asset = 'ALL'
     and action = 'ALL'
     and transaction_volume_usd >0
     ) totala on 1 = 1) as a2) a
 where
  zb_rate <= 0.01
  and zb_rate_transfer_count <= 0.01"
Which account has an NFT traded activity ranging from 200 to 400 on Opensea?,"SELECT address
FROM wired_address_dataset
WHERE b_type = 'nft'
    AND statistical_type = 'nft'
    AND platform_name = 'Opensea'
    AND asset = 'ALL'
    AND action = 'ALL'
    AND transaction_count between 200 AND 400
group by address"
Which account has an NFT traded activity ranging from 0 to 10 on Opensea?,"SELECT address
FROM wired_address_dataset
WHERE b_type = 'nft'
    AND statistical_type = 'nft'
    AND platform_name = 'Opensea'
    AND asset = 'ALL'
    AND action = 'ALL'
    AND transaction_count between 0 AND 10
group by address"
Which account has a CryptoPunks buying activity ranging from 200 to 400 on all Marketplaces?,"SELECT address
FROM wired_address_dataset
WHERE b_type = 'nft'
    AND statistical_type = 'nft'
    AND platform_name = 'ALL'
    AND asset = 'CryptoPunks'
    AND action = 'Buy'
    AND transaction_count between 200 AND 400
group by address"
Which account has a CryptoPunks buying activity ranging from 0 to 10 on all Marketplaces?,"SELECT address
FROM wired_address_dataset
WHERE b_type = 'nft'
    AND statistical_type = 'nft'
    AND platform_name = 'ALL'
    AND asset = 'CryptoPunks'
    AND action = 'Buy'
    AND transaction_count between 0 AND 10
group by address"
Can you provide the name of the account with CryptoPunks buying activity at least 619 on all Marketplaces?,"SELECT address
FROM wired_address_dataset
WHERE b_type = 'nft'
    AND statistical_type = 'nft'
    AND platform_name = 'ALL'
    AND asset = 'CryptoPunks'
    AND action = 'Buy'
    AND transaction_count >= 619
group by address"
Who is the user with NFT bid activity count between 400 to 619 on Blur?,"SELECT address
FROM wired_address_dataset
WHERE b_type = 'nft'
    AND statistical_type = 'nft'
    AND platform_name = 'Blur'
    AND asset = 'ALL'
    AND action = 'Bid'
    AND transaction_count >= 619
group by address"
Which account has an NFT bid activity ranging from 0 to 10 on Blur?,"SELECT address
FROM wired_address_dataset
WHERE b_type = 'nft'
    AND statistical_type = 'nft'
    AND platform_name = 'Blur'
    AND asset = 'ALL'
    AND action = 'Bid'
    AND transaction_count between 0 AND 10
group by address"
"Which users traded NFTs, and is in the top 100 in volume of NFT sale on all Marketplaces?","select
 address
from
 wired_address_dataset
where
 b_type = 'nft'
 and statistical_type = 'nft'
 and platform_name = 'ALL'
 and asset = 'ALL'
 and action = 'Sale'
 and transaction_volume_usd> 0
order by
 transaction_volume_usd desc
limit 100"
"Which users have an NFT Traded Volume of over $500,000 on all Marketplaces?","SELECT address
FROM wired_address_dataset
WHERE b_type = 'nft'
    AND statistical_type = 'nft'
    AND platform_name = 'ALL'
    AND asset = 'ALL'
    AND action = 'ALL'
    AND transaction_volume_usd>= 500000
group by address"
Which users have an NFT Traded Volume  of $100-$1000 on all Marketplaces?,"SELECT address
FROM wired_address_dataset
WHERE b_type = 'nft'
    AND statistical_type = 'nft'
    AND platform_name = 'ALL'
    AND asset = 'ALL'
    AND action = 'ALL'
    AND transaction_volume_usd between 100 AND 1000
group by address"
"Who has traded NFTs, and is in the top 10% in volume of NFT sale on Opensea?","select 
address
from 
(select
 address
from
 wired_address_dataset
where
b_type = 'nft'
and statistical_type = 'nft'
and platform_name = 'Opensea'
and asset = 'ALL'
and action = 'Sale' 
 and transaction_volume_usd>0
order by
 transaction_volume_usd desc
limit (
select
 floor(COUNT(distinct address) * 0.1)
from
 wired_address_dataset
where
b_type = 'nft'
and statistical_type = 'nft'
and platform_name = 'Opensea'
and asset = 'ALL'
and action = 'Sale'  
 and transaction_volume_usd>0)) a
 GROUP by address"
"Which users have an NFT Traded Volume  of over $500,000 on Opensea?","SELECT address
FROM wired_address_dataset
WHERE b_type = 'nft'
    AND statistical_type = 'nft'
    AND platform_name = 'Opensea'
    AND asset = 'ALL'
    AND action = 'ALL'
    AND transaction_volume_usd >500000
group by address"
Which users have an NFT Traded Volume of $100-$1000 on Opensea?,"SELECT address
FROM wired_address_dataset
WHERE b_type = 'nft'
    AND statistical_type = 'nft'
    AND platform_name = 'Opensea'
    AND asset = 'ALL'
    AND action = 'ALL'
    AND transaction_volume_usd between 100 AND 1000
group by address"
Which users have a CryptoPunks Traded Volume count of $100-$1000 on all Marketplaces?,"SELECT address
FROM wired_address_dataset
WHERE b_type = 'nft'
    AND statistical_type = 'nft'
    AND platform_name = 'ALL'
    AND asset = 'CryptoPunks'
    AND action = 'ALL'
    AND transaction_volume_usd between 100
    AND 1000
    group by address"
"Who has bought Cryptopunks, and is in the top 10% in volume of buying NFT on PunkMarket?","select 
address 
from 
(select
 address
from
 wired_address_dataset
where b_type = 'nft'
    AND statistical_type = 'nft'
    AND platform_name = 'PunkMarket'
    AND asset = 'CryptoPunks'
    AND action = 'Buy'  and transaction_volume_usd>0
order by
 transaction_volume_usd desc
limit 
  (
select
 floor(COUNT(distinct address) * 0.1)
from
 wired_address_dataset
where
  b_type = 'nft'
    AND statistical_type = 'nft'
    AND platform_name = 'PunkMarket'
    AND asset = 'CryptoPunks'
    AND action = 'Buy' and transaction_volume_usd>0))a
    group by address"
Which users have an Cryptopunks buying Volume of $100-$1000 on PunkMarket?,"SELECT address
FROM wired_address_dataset
WHERE b_type = 'nft'
    AND statistical_type = 'nft'
    AND platform_name = 'PunkMarket'
    AND asset = 'CryptoPunks'
    AND action = 'Buy'
    AND transaction_volume_usd between 100
    AND 1000
  group by address"
"Who has traded CryptoPunks, and is in the top 10% in volume of CryptoPunks sale on all Marketplaces?","select 
address
FROM
(select
 address
from
 wired_address_dataset
where b_type = 'nft'
    AND statistical_type = 'nft'
    AND platform_name = 'ALL'
    AND asset = 'CryptoPunks'
    AND action = 'Sale'  and transaction_volume_usd>0
order by
 transaction_volume_usd desc
limit 
  (
select
 floor(COUNT(distinct address) * 0.1)
from
 wired_address_dataset
where
  b_type = 'nft'
    AND statistical_type = 'nft'
    AND platform_name = 'ALL'
    AND asset = 'CryptoPunks'
    AND action = 'Sale' and transaction_volume_usd>0)) a
    group by address"
Which users have an CryptoPunks sale Volume of $100-$1000 on all Marketplaces?,"SELECT address
FROM wired_address_dataset_temp
WHERE b_type = 'nft'
    AND statistical_type = 'nft'
    AND platform_name = 'ALL'
    AND asset = 'CryptoPunks'
    AND action = 'Sale'
    AND transaction_volume_usd between 100 and 1000
  group by address"
Can you provide the name of the account with NFT transfer activity at least 619?,"SELECT address
FROM wired_address_dataset
WHERE b_type = 'nft'
    AND statistical_type = 'nft'
    AND platform_name = 'ALLNET'
    AND asset = 'ALL'
    AND action = 'Transfer'
    AND transaction_count >= 619
    group by address"
which account has an NFT buying activity ranging from 200 to 400?,"SELECT address
FROM wired_address_dataset
WHERE b_type = 'nft'
    AND statistical_type = 'nft'
    AND platform_name = 'ALLNET'
    AND asset = 'ALL'
    AND action = 'Buy'
    AND transaction_count between 200 AND 400
  GROUP BY address"
"which address hold bal, uni and usdt at same time?","select
address
from
(SELECT  address
FROM wired_address_dataset
WHERE b_type = 'DeFi'
 AND statistical_type = 'token'
 AND platform_name='ALLNET' 
 AND action = 'ALL'
 AND asset = 'Tether USD'
 AND balance_usd>0
 INTERSECT
 SELECT  address
 FROM wired_address_dataset
 WHERE b_type = 'DeFi'
  AND statistical_type = 'token'
  AND platform_name='ALLNET' 
  AND action = 'ALL'
  AND asset = 'Balancer'
  AND balance_usd>0
  INTERSECT
  SELECT  address
  FROM wired_address_dataset
  WHERE b_type = 'DeFi'
   AND statistical_type = 'token'
   AND platform_name='ALLNET' 
   AND action = 'ALL'
   AND asset = 'Uniswap'
   AND balance_usd>0
) a1
  group by address"
show me address that have traded cryptopunks and eth in last 30 days,"select
address
from
(SELECT  address
FROM wired_address_dataset
WHERE b_type = 'nft'
 AND statistical_type = 'nft'
 AND platform_name='ALLNET' 
 AND action = 'ALL'
 AND asset = 'cryptopunks'
 AND transaction_volume_usd_1m>0 
 INTERSECT
 SELECT  address
 FROM wired_address_dataset
 WHERE b_type = 'DeFi'
  AND statistical_type = 'token'
  AND platform_name='ALLNET' 
  AND action = 'ALL'
  AND asset = 'ETH'
  AND transaction_volume_usd_1m>0) a1
  group by address"
show me holders of both uni and weth,"select
address
from
(SELECT  address
 FROM wired_address_dataset
 WHERE b_type = 'DeFi'
  AND statistical_type = 'token'
  AND platform_name='ALLNET' 
  AND action = 'ALL'
  AND asset = 'Uniswap'
  AND balance_usd>0
 INTERSECT
 SELECT  address
 FROM wired_address_dataset
 WHERE b_type = 'DeFi'
  AND statistical_type = 'token'
  AND platform_name='ALLNET' 
  AND action = 'ALL'
  AND asset = 'Wrapped Ether'
  AND balance_usd>0) a1
  group by address"
show me holders of both eth and cryptopunks,"select
address
from
(SELECT  address
FROM wired_address_dataset
WHERE b_type = 'nft'
 AND statistical_type = 'nft'
 AND platform_name='ALLNET' 
 AND action = 'ALL'
 AND asset = 'cryptopunks'
 AND balance_usd>0 
 INTERSECT
 SELECT  address
 FROM wired_address_dataset
 WHERE b_type = 'DeFi'
  AND statistical_type = 'token'
  AND platform_name='ALLNET' 
  AND action = 'ALL'
  AND asset = 'ETH'
  AND balance_usd>0) a1
  group by address"
users with eth greater than 100 and an nft with LilPudgys？,"select
address
from
(SELECT  address
FROM wired_address_dataset
WHERE b_type = 'nft'
 AND statistical_type = 'nft'
 AND platform_name='ALLNET' 
 AND action = 'ALL'
 AND asset = 'Lil Pudgys'
 AND balance_count>0 
 INTERSECT
 SELECT  address
 FROM wired_address_dataset
 WHERE b_type = 'DeFi'
  AND statistical_type = 'token'
  AND platform_name='ALLNET' 
  AND action = 'ALL'
  AND asset = 'ETH'
  AND balance_count>100) a1
  group by address"
Who is the user with an NFT transfer activity count between 400 to 619?,"select
 address
from
 wired_address_dataset
where
 b_type = 'nft'
 and statistical_type = 'nft'
 and platform_name = 'ALLNET'
 and asset = 'ALL'
 and action = 'Transfer'
 and transaction_count between 400 and 619
group by address"
Which addresses hold WETH for more than 1 day?,"SELECT address
FROM wired_address_dataset
WHERE b_type = 'DeFi'
  AND statistical_type = 'token'
  AND platform_name='ALLNET'
  AND action = 'ALL'
  AND asset = 'Wrapped Ether'
  AND days > 1
GROUP BY address"
Which addresses have WETH balances longer than 155 days?,"SELECT address
FROM wired_address_dataset
WHERE b_type = 'DeFi'
  AND statistical_type = 'token'
  AND platform_name='ALLNET'
  AND action = 'ALL'
  AND asset = 'Wrapped Ether'
  AND days > 155
GROUP BY address"
Which addresses have WETH balances that have not reached 155 days?,"SELECT address
FROM wired_address_dataset
WHERE b_type = 'DeFi'
  AND statistical_type = 'token'
  AND platform_name='ALLNET'
  AND action = 'ALL'
  AND asset = 'Wrapped Ether'
  AND days < 155
GROUP BY address"
Which addresses hold ETH for more than 1 day?,"SELECT address
FROM wired_address_dataset
WHERE b_type = 'DeFi'
  AND statistical_type = 'token'
  AND platform_name='ALLNET'
  AND action = 'ALL'
  AND asset = 'ETH'
  AND days > 1
GROUP BY address"
Which addresses have ETH balances that have not reached 155 days?,"SELECT address
FROM wired_address_dataset
WHERE b_type = 'DeFi'
  AND statistical_type = 'token'
  AND platform_name='ALLNET'
  AND action = 'ALL'
  AND asset = 'ETH'
  AND days < 155
GROUP BY address"
"Which addresses have an ETH and ERC20 token volume ranging from $100 to $1,000?","SELECT address
FROM wired_address_dataset
WHERE b_type = 'DeFi'
  AND statistical_type = 'token'
  AND platform_name='ALLNET'
  AND action = 'ALL'
  AND asset = 'ALL'
  AND transaction_volume_usd between 100 and 1000
GROUP BY address"
Please assist me in finding addresses that have an ETH volume of at least 100000000,"SELECT
     address
FROM
    wired_address_dataset
WHERE   b_type='DeFi'
        AND statistical_type='token'
        AND platform_name='ALLNET'
        AND action ='ALL'
        AND asset = 'Wrapped Ether'
        AND transaction_volume_usd > 100000000
GROUP BY address"
Could you help me find addresses that have an WETH volume of at least 10000000?,"SELECT address
FROM wired_address_dataset
WHERE b_type = 'DeFi'
  AND statistical_type = 'token'
  AND platform_name='ALLNET'
  AND action = 'ALL'
  AND asset = 'Wrapped Ether'
  AND transaction_volume_usd >10000000
GROUP BY address"
Which addresses with an ETH and Erc20 Token activity have an activity count of at least 619?,"SELECT
     address
FROM
    wired_address_dataset
WHERE   b_type='DeFi'
        AND statistical_type='token'
        AND platform_name='ALLNET'
        AND action ='ALL'
        AND asset = 'ALL'
        AND transaction_count  >= 619
GROUP BY address"
Which addresses have an ETH activity count of 0-10?,"SELECT
     address
FROM
    wired_address_dataset
WHERE   b_type='DeFi'
        AND statistical_type='token'
        AND platform_name='ALLNET'
        AND action ='ALL'
        AND asset = 'ALL'
        AND transaction_count  between 0 AND 10
GROUP BY address"
Which addresses have an ETH activity count of at least 619?,"SELECT
     address
FROM
    wired_address_dataset
WHERE   b_type='DeFi'
        AND statistical_type='token'
        AND platform_name='ALLNET'
        AND action ='ALL'
        AND asset = 'ALL'
        AND transaction_count  > 619
GROUP BY address"
What do I need to do to find the traders on Uniswap who rank within the top 1% based on the volume traded?,"select
        address
from
        (
        select
                address,
                sum(transaction_volume_usd) as transaction_volume_usd
        from
                wired_address_dataset
        where
                b_type = 'DeFi'
                and statistical_type = 'token'
                and platform_name in ('Uniswap_v2', 'Uniswap_v3')
                and action = 'ALL'
                and asset = 'ALL'
        group by
                address) b
where
        transaction_volume_usd > 0
order by transaction_volume_usd desc
limit (
select
                floor(COUNT(distinct address) * 0.01)
from
                 (
        select
                address,
                sum(transaction_volume_usd) as transaction_volume_usd
        from
                wired_address_dataset
        where
                b_type = 'DeFi'
                and statistical_type = 'token'
                and platform_name in ('Uniswap_v2', 'Uniswap_v3')
                        and action = 'ALL'
                        and asset = 'ALL'
                group by
                        address) a
where
        transaction_volume_usd > 0 ) "
Can you find some traders for me who rank within the top 0.1% on Uniswap based on the volume traded?,"select
        address
from
        (
        select
                address,
                sum(transaction_volume_usd) as transaction_volume_usd
        from
                wired_address_dataset
        where
                b_type = 'DeFi'
                and statistical_type = 'token'
                and platform_name in ('Uniswap_v2', 'Uniswap_v3')
                and action = 'ALL'
                and asset = 'ALL'
        group by
                address) b
where
        transaction_volume_usd > 0
order by transaction_volume_usd desc
limit (
select
                floor(COUNT(distinct address) * 0.001)
from
                 (
        select
                address,
                sum(transaction_volume_usd) as transaction_volume_usd
        from
                wired_address_dataset
        where
                b_type = 'DeFi'
                and statistical_type = 'token'
                and platform_name in ('Uniswap_v2', 'Uniswap_v3')
                        and action = 'ALL'
                        and asset = 'ALL'
                group by
                        address) a
where
        transaction_volume_usd > 0 ) "
Could you help me find addresses that have an WETH volume of at least 10000000 on Uniswap?,"select
                address
        from
                (SELECT 
address
,sum(transaction_volume_usd) as transaction_volume_usd
FROM wired_address_dataset
WHERE b_type = 'DeFi'
  AND statistical_type = 'token'
  AND platform_name in ('Uniswap_v2', 'Uniswap_v3')
  AND action = 'ALL'
  AND asset = 'Wrapped Ether'
  GROUP by address) b
where  transaction_volume_usd >10000000
GROUP BY address"
Which accounts in the Web3 industry have an NFT Recipient activity count of 0-10?,"SELECT address
FROM wired_address_dataset
WHERE b_type = 'web3'
  AND statistical_type = 'web3'
  AND platform_name = 'ALL'
 AND asset='ALL'
  AND action = 'NFT Recipient'
  AND transaction_count between 0 and 10
GROUP BY address"
Which addresses in the Web3 industry have an NFT Recipient activity count of at least 619?,"SELECT
  address
FROM
  wired_address_dataset
WHERE
  b_type = 'web3'
  AND statistical_type = 'web3'
  AND platform_name = 'ALL'
  AND action = 'NFT Recipient'
  AND asset = 'ALL'
  AND  transaction_count  >= 619
GROUP BY address"
Which addresses have an NFT Recipient activity count between 200 to 400 on Web3 industry?,"SELECT
  address
FROM
  wired_address_dataset
WHERE
  b_type = 'web3'
  AND statistical_type = 'web3'
  AND platform_name = 'ALL'
  AND action = 'NFT Recipient'
  AND asset = 'ALL'
  AND transaction_count between  200 AND 400
GROUP BY
  address"
Which accounts have a Mirror writing activity count between 200 to 400?,"SELECT
  address
FROM
  wired_address_dataset
WHERE
  b_type = 'web3'
  AND statistical_type = 'web3'
  AND platform_name = 'Mirror'
  AND action = 'write'
  AND asset = 'ALL'
  AND transaction_count between 200 AND 400
GROUP BY
  address"
Which accounts on Mirror have an NFT Recipient count of 1?,"SELECT address
FROM wired_address_dataset
WHERE b_type = 'web3'
  AND statistical_type = 'web3'
  AND platform_name = 'Mirror'
  AND action = 'NFT Recipient'
  AND asset = 'ALL'
  AND balance_count = 1
group by address"
Which addresses on Mirror have an NFT Recipient count of more than100?,"SELECT
  address
FROM
  wired_address_dataset
WHERE
  b_type = 'web3'
  AND statistical_type = 'web3'
  AND platform_name = 'Mirror'
  AND action = 'NFT Recipient'
  AND asset = 'ALL'
  AND transaction_count > 100
GROUP BY
  address"
"Please help me find the accounts that collected NFTs, and is in the top 2.5% in number of NFT collected on Mirror?","SELECT address
FROM wired_address_dataset
WHERE b_type = 'web3'
  AND statistical_type = 'web3'
  AND platform_name = 'Mirror'
  AND action = 'NFT Recipient'
  AND asset = 'ALL'
  AND balance_count > 0
order by balance_count desc
limit (SELECT floor(count(distinct address) * 0.025)
       FROM wired_address_dataset
       WHERE b_type = 'web3'
         AND statistical_type = 'web3'
         AND platform_name = 'Mirror'
         AND action = 'NFT Recipient'
         AND asset = 'ALL'
         AND balance_count > 0
)"
Which addresses have an NFT count in the top 100 of all users on Mirror?,"SELECT
 address
FROM
  wired_address_dataset
WHERE
  b_type = 'web3'
  AND statistical_type = 'web3'
  AND platform_name = 'Mirror'
  AND action = 'NFT Recipient'
  AND asset = 'ALL'
  AND balance_count > 0
order by
    balance_count desc
limit 100"
Which addresses have an Web3 NFT count of 1？,"SELECT address
FROM wired_address_dataset
WHERE b_type = 'web3'
  AND statistical_type = 'web3'
  AND platform_name = 'ALL'
  AND action = 'ALL'
  AND asset = 'ALL'
  AND balance_count = 1
group by address"
Which accounts in the Web3 industry have an NFT Recipient activity count of 0-10 on Mirror?,"SELECT
  address
FROM
  wired_address_dataset
WHERE
  b_type = 'web3'
  AND statistical_type = 'web3'
  AND platform_name = 'Mirror'
  AND action = 'NFT Recipient'
  AND asset = 'ALL'
  AND transaction_count BETWEEN 0 AND 10
GROUP BY
  address"
Which addresses have an NFT Recipient activity count of at least 619 on Mirror?,"SELECT
  address
FROM
  wired_address_dataset
WHERE
  b_type = 'web3'
  AND statistical_type = 'web3'
  AND platform_name = 'Mirror'
  AND action = 'NFT Recipient'
  AND asset = 'ALL'
  AND transaction_count >= 619
GROUP BY
  address"
What is the distribution of accounts with an NFT Recipient activity count between 400 to 619 on Mirror?,"SELECT
  address
FROM
  wired_address_dataset
WHERE
  b_type = 'web3'
  AND statistical_type = 'web3'
  AND platform_name = 'Mirror'
  AND action = 'NFT Recipient'
  AND asset = 'ALL'
  AND transaction_count between 400 AND 619
GROUP BY
  address"
Which addresses have an NFT Recipient activity count between 200 to 400 active on Mirror?,"SELECT
  address
FROM
  wired_address_dataset
WHERE
  b_type = 'web3'
  AND statistical_type = 'web3'
  AND platform_name = 'Mirror'
  AND action = 'NFT Recipient'
  AND asset = 'ALL'
  AND transaction_count between 200 AND 400
GROUP BY
  address"
Which accounts have an NFT Minting activity count of 0-10 on Mirror?,"SELECT
  address
FROM
  wired_address_dataset
WHERE
  b_type = 'web3'
  AND statistical_type = 'web3'
  AND platform_name = 'Mirror'
  AND action = 'mint'
  AND asset = 'ALL'
  AND transaction_count between 0 AND 10
GROUP BY
  address"
Which addresses have an NFT Minting activity count of at least 619 on Mirror?,"SELECT
  address
FROM
  wired_address_dataset
WHERE
  b_type = 'web3'
  AND statistical_type = 'web3'
  AND platform_name = 'Mirror'
  AND action = 'mint'
  AND asset = 'ALL'
  AND transaction_count >= 619
GROUP BY
  address"
Which addresses have an NFT Minting activity count between 200 to 400 active on Mirror?,"SELECT
  address
FROM
  wired_address_dataset
WHERE
  b_type = 'web3'
  AND statistical_type = 'web3'
  AND platform_name = 'Mirror'
  AND action = 'mint'
  AND asset = 'ALL'
  AND transaction_count between 200 AND 400
GROUP BY
  address"
"Who has collected CryptoPunks, and has kept CryptoPunks for 1 day?","select
  address
from
  wired_address_dataset
where
  b_type = 'nft'
  and statistical_type = 'nft'
  and platform_name = 'ALLNET'
  and asset = 'CryptoPunks'
  and action = 'ALL'
  and days = 1
group by
  address"
"Which users have collected CryptoPunks, and has kept CryptoPunks for more than 155 days?","select
  address
from
  wired_address_dataset
where
  b_type = 'nft'
  and statistical_type = 'nft'
  and platform_name = 'ALLNET'
  and asset = 'CryptoPunks'
  and action = 'ALL'
  and days > 155
group by
  address"
"Who are the users who ollected CryptoPunks, and has kept CryptoPunks for less than 155 days?","select
  address
from
  wired_address_dataset
where
  b_type = 'nft'
  and statistical_type = 'nft'
  and platform_name = 'ALLNET'
  and asset = 'CryptoPunks'
  and action = 'ALL'
  and days > 155
group by
  address"
Which account has an NFT buying activity ranging from 0 to 10?,"select
 address
from
  wired_address_dataset
where
 b_type = 'nft'
 and statistical_type = 'nft'
 and platform_name = 'ALLNET'
 and asset = 'ALL'
 and action = 'Buy'
 and transaction_count between 0 and 10
group by
 address"
Can you provide the name of the account with NFT buying activity at least 619?,"select
  address
 from
  wired_address_dataset
 where
  b_type = 'nft'
  and statistical_type = 'nft'
  and project = 'ALLNET'
  and asset = 'ALL'
  and action = 'Buy'
and  
  transaction_count >= 619"
Which addresses have an NFT Sale Volume count of $100-$1000 on Opensea?,"SELECT address
FROM wired_address_dataset
WHERE b_type = 'nft'
    AND statistical_type = 'nft'
    AND platform_name = 'Opensea'
    AND asset = 'ALL'
    AND action = 'Sale'
    AND transaction_volume_usd between 100
    AND 1000
group by address"
Which account has an NFT transfer activity ranging from 0 to 10?,"SELECT address
FROM wired_address_dataset
WHERE b_type = 'nft'
    AND statistical_type = 'nft'
    AND platform_name = 'ALLNET'
    AND asset = 'ALL'
    AND action = 'Transfer'
    AND transaction_count between 0 AND 10
group by address"
Which account has an NFT transfer activity ranging from 200 to 400?,"SELECT
  address
FROM
  wired_address_dataset
WHERE
  b_type = 'nft'
  AND statistical_type = 'nft'
  AND platform_name = 'ALLNET'
  AND asset = 'ALL'
  AND action = 'Transfer'
  AND transaction_count between 200 AND 400
group by
  address"
Which users have an CryptoPunks sale Volume count of $100-$1000 on all Marketplaces?,"SELECT address
FROM wired_address_dataset
WHERE b_type = 'nft'
    AND statistical_type = 'nft'
    AND platform_name = 'ALL'
    AND asset = 'CryptoPunks'
    AND action = 'Sale'
    AND transaction_volume_usd between 100 AND  1000
group by address"
"Which users have an Cryptopunks buying Volume count of over $500,000 on PunkMarket?","select
 address
from
 wired_address_dataset
where
 b_type = 'nft'
 and statistical_type = 'nft'
 and platform_name = 'PunkMarket'
 and asset = 'CryptoPunks'
 and action = 'Buy' 
 and transaction_volume_usd >= 500000
group by address"
"Who made trades on DYDX with a volume traded ranging from $100 to $1,000? ","SELECT
address 
  FROM
    wired_address_dataset
  WHERE
    b_type = 'DeFi'
    and statistical_type = 'token'
    and platform_name='dydx'
    and asset = 'ALL'
    and action = 'ALL' 
    and transaction_volume_usd between 100 AND 1000
GROUP BY
address"
Who made trades on DYDX with a volume traded of at least $1 million?,"SELECT
address 
  FROM
    wired_address_dataset
  WHERE
    b_type = 'DeFi'
    and statistical_type = 'token'
    and platform_name='dydx'
    and asset = 'ALL'
    and action = 'ALL' 
and 
transaction_volume_usd >=1000000 
GROUP BY
address"
Can you find some traders for me who rank within the top 0.1% on DYDX based on the volume traded?,"select
        address
from
        (
        select
                address
        from
                (
                select
                        address,
                        sum(transaction_volume_usd) transaction_volume_usd
                from
                        wired_address_dataset
                where
                        b_type = 'DeFi'
                        and statistical_type = 'token'
                        and platform_name = 'dydx'
                        and action = 'ALL'
                        and asset = 'ALL'   and transaction_volume_usd  >0 
                group by
                        address) b
        order by
                transaction_volume_usd desc
        limit (
        select
                floor(COUNT(distinct address) * 0.001)
        from
                wired_address_dataset
        where
                b_type = 'DeFi'
                and statistical_type = 'token'
                and platform_name = 'dydx'
                        and action = 'ALL'
                        and asset = 'ALL'   and transaction_volume_usd  >0 )) a
group by
        address"
"Which addresses have an WETH trades volume ranging from $100 to $1,000 on DYDX? ","  SELECT
  address 
    FROM
      wired_address_dataset
    WHERE
      b_type = 'DeFi'
      and statistical_type = 'token'
      and platform_name='dydx'
      and asset = 'Wrapped Ether'
      and action = 'ALL' 
and 
  transaction_volume_usd between 100 AND 1000
GROUP BY
  address"
Please assist me in finding addresses that have an WETH trading volume of at least 1 million on DYDX？,"SELECT
address 
  FROM
    wired_address_dataset
  WHERE
    b_type = 'DeFi'
    and statistical_type = 'token'
    and platform_name='dydx'
    and asset = 'Wrapped Ether'
    and action = 'ALL' 
    and transaction_volume_usd >=1000000 
GROUP BY
address"
Can you find some addresses for me that rank within the top 2.5% of WETH trading volume on all platforms based on DYDX?,"select
        address
from
        (
        select
                address
        from
                (
                select
                        address ,
                        sum(transaction_volume_usd) transaction_volume_usd
                from
                        wired_address_dataset
                where
                        b_type = 'DeFi'
                        and statistical_type = 'token'
                        and platform_name = 'dydx'
                        and action = 'ALL'
                        and asset = 'Wrapped Ether'
                        and transaction_volume_usd>0
                group by
                        address) b
        order by
                transaction_volume_usd desc
        limit (
        select
                floor(COUNT(distinct address) * 0.025)
        from
                wired_address_dataset
        where
                b_type = 'DeFi'
                and statistical_type = 'token'
                and platform_name = 'dydx'
                        and action = 'ALL'
                        and transaction_volume_usd>0
                        and asset = 'Wrapped Ether')) a
group by
        address"
"Which addresses have a WETH trading volume ranging from $100 to $1,000 on all Derivative Platforms? "," SELECT
  address 
    FROM
      wired_address_dataset
    WHERE
      b_type = 'DeFi'
      and statistical_type = 'token'
      and platform_name='Derivatives'
      and asset = 'Wrapped Ether'
      and action = 'ALL' 
and 
  transaction_volume_usd between 100 AND 1000
GROUP BY
  address"
Please assist me in finding addresses that have a WETH trading volume of at least 1 million on all Derivative Platforms？,"  SELECT
  address 
    FROM
      wired_address_dataset
    WHERE
      b_type = 'DeFi'
      and statistical_type = 'token'
      and platform_name='Derivatives'
      and asset = 'Wrapped Ether'
      and action = 'ALL' 
and 
  transaction_volume_usd >=1000000
GROUP BY
  address"
Can you find some addresses for me that rank within the top 1% of traders on all platforms based on the trades volume of WETH trades on all Derivative Platforms?,"select
        address
from
        (
        select
                address
        from
                (
                select
                        address,
                        sum(transaction_volume_usd) transaction_volume_usd
                from
                        wired_address_dataset
                where
                        b_type = 'DeFi'
                        and statistical_type = 'token'
                        and platform_name = 'Derivatives'
                        and action = 'ALL'
                        and asset = 'Wrapped Ether'   and transaction_volume_usd  >0 
                group by
                        address) b
        order by
                transaction_volume_usd desc
        limit (
        select
                floor(COUNT(distinct address) * 0.01)
        from
                wired_address_dataset
        where
                b_type = 'DeFi'
                and statistical_type = 'token'
                and platform_name = 'Derivatives'
                        and action = 'ALL'
                        and asset = 'Wrapped Ether'   and transaction_volume_usd  >0 )) a
group by
        address"
"Who made trades on all Derivative Platforms with a volume traded ranging from $100 to $1,000? ","SELECT
 address 
   FROM
     wired_address_dataset
   WHERE
     b_type = 'DeFi'
     and statistical_type = 'token'
     and platform_name='Derivatives'
     and asset = 'ALL'
     and action = 'ALL' 
and transaction_volume_usd between 100 AND 1000
GROUP BY
 address"
Who made trades on Derivative Platforms with a volume traded of at least $1 million?,"SELECT
 address 
   FROM
     wired_address_dataset
   WHERE
     b_type = 'DeFi'
     and statistical_type = 'token'
     and platform_name='Derivatives'
     and asset = 'ALL'
     and action = 'ALL' 
     and transaction_volume_usd >=1000000 
GROUP BY
 address"
Can you find some traders for me who rank within the top 2.5% on Derivatives based on the volume traded?,"select
        address
from
        (
        select
                address
        from
                (
                select
                        address,
                        sum(transaction_volume_usd) transaction_volume_usd
                from wired_address_dataset
                where
                        b_type = 'DeFi'
                        and statistical_type = 'token'
                        and platform_name = 'Derivatives'
                        and action = 'ALL'
                        and transaction_volume_usd>0
                        and asset = 'ALL'
                group by
                        address) b
        order by
                transaction_volume_usd desc
        limit (
        select
                floor(COUNT(distinct address) * 0.025)
        from wired_address_dataset
        where
                b_type = 'DeFi'
                and statistical_type = 'token'
                and platform_name = 'Derivatives'
                        and action = 'ALL'
                        and transaction_volume_usd>0
                        and asset = 'ALL')) a
group by
        address"
Who are the addresses that have an activity count of 1-9 on DYDX?,"SELECT
  address 
    FROM
      wired_address_dataset
    WHERE
      b_type = 'DeFi'
      and statistical_type = 'token'
      and platform_name='dydx'
      and asset = 'ALL'
      and action = 'ALL' 
and  transaction_count between 1 AND 9
GROUP BY
  address"
Who are the addresses that have an activity count of at least 619 on DYDX?,"SELECT
  address 
    FROM
      wired_address_dataset
    WHERE
      b_type = 'DeFi'
      and statistical_type = 'token'
      and platform_name='dydx'
      and asset = 'ALL'
      and action = 'ALL' 
      and transaction_count >=619
GROUP BY
  address"
Who are the addresses that have an activity count between 400 to 619 on DYDX?,"SELECT
  address 
    FROM
      wired_address_dataset
    WHERE
      b_type = 'DeFi'
      and statistical_type = 'token'
      and platform_name='dydx'
      and asset = 'ALL'
      and action = 'ALL' 
      and transaction_count between 400 AND 619
GROUP BY
  address"
Who are the addresses that have a WETH activity count of 1-9 on DYDX?,"SELECT
  address 
    FROM
      wired_address_dataset
    WHERE
      b_type = 'DeFi'
      and statistical_type = 'token'
      and platform_name='dydx'
      and asset = 'Wrapped Ether'
      and action = 'ALL' 
      and transaction_count between 1 AND 9
GROUP BY
  address"
Who are the addresses that have a WETH activity count of at least 619 on DYDX?,"SELECT
  address 
    FROM
      wired_address_dataset
    WHERE
      b_type = 'DeFi'
      and statistical_type = 'token'
      and platform_name='dydx'
      and asset = 'Wrapped Ether'
      and action = 'ALL' 
and 
  transaction_count >=619
GROUP BY
  address"
Who are the addresses that have a WETH activity count between 400 to 619 on DYDX? ,"SELECT
  address 
    FROM
      wired_address_dataset
    WHERE
      b_type = 'DeFi'
      and statistical_type = 'token'
      and platform_name='dydx'
      and asset = 'Wrapped Ether'
      and action = 'ALL' 
and 
  transaction_count between 400 AND 619
GROUP BY
  address"
Who are the addresses with an activity count of 1-9 on all Derivative Platforms?,"SELECT
  address 
    FROM
      wired_address_dataset
    WHERE
      b_type = 'DeFi'
      and statistical_type = 'token'
      and platform_name='Derivatives'
      and asset = 'ALL'
      and action = 'ALL' 
     and  transaction_count >=1 AND transaction_count<=9
GROUP BY
  address"
Who are the addresses with an activity count of at least 619 on all Derivative Platforms?,"SELECT
  address 
    FROM
      wired_address_dataset
    WHERE
      b_type = 'DeFi'
      and statistical_type = 'token'
      and platform_name='Derivatives'
      and asset = 'ALL'
      and action = 'ALL' 
      and transaction_count >=619
GROUP BY
  address"
Who are the addresses with a WETH operate activity count between 400 to 619 on all Derivative Platforms?,"SELECT
  address 
    FROM
      wired_address_dataset
    WHERE
      b_type = 'DeFi'
      and statistical_type = 'token'
      and platform_name='Derivatives'
      and asset = 'Wrapped Ether'
      and action = 'operate' 
and 
  transaction_count between 400 AND 619
GROUP BY
  address"
Who are the addresses with a WETH operate activity count of at least 619 on all Derivative Platforms?,"SELECT
  address 
    FROM
      wired_address_dataset
    WHERE
      b_type = 'DeFi'
      and statistical_type = 'token'
      and platform_name='Derivatives'
      and asset = 'Wrapped Ether'
      and action = 'operate' 
and transaction_count >=619
GROUP BY
  address"
Who are the addresses with a WETH operate activity count of 1-9 on all Derivative Platforms?,"SELECT
  address 
    FROM
      wired_address_dataset
    WHERE
      b_type = 'DeFi'
      and statistical_type = 'token'
      and platform_name='Derivatives'
      and asset = 'Wrapped Ether'
      and action = 'operate' 
and 
  transaction_count between 1 AND 9
GROUP BY
  address"
Who are the addresses with a operate activity count between 400 to 619 on all Derivative Platforms?,"SELECT
  address 
    FROM
      wired_address_dataset
    WHERE
      b_type = 'DeFi'
      and statistical_type = 'token'
      and platform_name='Derivatives'
      and asset = 'ALL'
      and action = 'operate' 
and 
  transaction_count >=400 AND transaction_count<=619
GROUP BY
  address"
Who are the addresses with a operate activity count at least 619 on all Derivative Platforms?,"SELECT
  address 
    FROM
      wired_address_dataset
    WHERE
      b_type = 'DeFi'
      and statistical_type = 'token'
      and platform_name='Derivatives'
      and asset = 'ALL'
      and action = 'operate' 
and 
  transaction_count >=619
GROUP BY
  address"
Who are the addresses with a operate activity count of 1-9 on all Derivative Platforms?,"SELECT
  address 
    FROM
      wired_address_dataset
    WHERE
      b_type = 'DeFi'
      and statistical_type = 'token'
      and platform_name='Derivatives'
      and asset = 'ALL'
      and action = 'operate' 
      and  transaction_count >=1 AND transaction_count<=9
GROUP BY
  address"
Who are the addresses that have a WETH operate activity count between 400 to 619 on DYDX? ,"SELECT
  address 
    FROM
      wired_address_dataset
    WHERE
      b_type = 'DeFi'
      and statistical_type = 'token'
      and platform_name='dydx'
      and asset = 'Wrapped Ether'
      and action = 'operate' 
and 
  transaction_count >=400 AND transaction_count<=619
GROUP BY
  address"
Who are the addresses that have a WETH operate activity count of at least 619 on DYDX?,"SELECT
  address 
    FROM
      wired_address_dataset
    WHERE
      b_type = 'DeFi'
      and statistical_type = 'token'
      and platform_name='dydx'
      and asset = 'Wrapped Ether'
      and action = 'operate' 
      and  transaction_count >=619
GROUP BY
  address"
Who are the addresses that have a WETH operate activity count between 1 and 9 on DYDX?,"SELECT
  address 
    FROM
      wired_address_dataset
    WHERE
      b_type = 'DeFi'
      and statistical_type = 'token'
      and platform_name='dydx'
      and asset = 'Wrapped Ether'
      and action = 'operate' 
      and transaction_count >=1 AND transaction_count<=9
 GROUP BY
  address"
Who are the addresses that have a operate activity count between 400 to 619 on DYDX?,"SELECT
  address 
    FROM
      wired_address_dataset
    WHERE
      b_type = 'DeFi'
      and statistical_type = 'token'
      and platform_name='dydx'
      and asset = 'ALL'
      and action = 'operate' 
and 
  transaction_count >=400 AND transaction_count<=619
GROUP BY
  address"
Who are the addresses that have a operate activity count of at least 619 on DYDX?,"SELECT
  address 
    FROM
      wired_address_dataset
    WHERE
      b_type = 'DeFi'
      and statistical_type = 'token'
      and platform_name='dydx'
      and asset = 'ALL'
      and action = 'operate' 
and 
  transaction_count >=619
GROUP BY
  address"
Who are the addresses that have a operate activity count of 1-9 on DYDX?,"SELECT
  address 
    FROM
      wired_address_dataset
    WHERE
      b_type = 'DeFi'
      and statistical_type = 'token'
      and platform_name='dydx'
      and asset = 'ALL'
      and action = 'operate' 
and 
  transaction_count >=1 AND transaction_count<=9
GROUP BY
  address"
Who are the top 1% of traders based on the operate volume of all trades on all Derivative Platforms?,"select
        address
from
        (
        select
                address
        from
                (
                select
                        address,
                        sum(transaction_volume_usd) transaction_volume_usd
                from
                        wired_address_dataset
                where
                        b_type = 'DeFi'
                        and statistical_type = 'token'
                        and platform_name = 'Derivatives'
                        and action = 'operate'
                        and asset = 'ALL' and transaction_volume_usd  >0 
                group by
                        address) b
        order by
                transaction_volume_usd desc
        limit (
        select
                floor(COUNT(distinct address) * 0.01)
        from
                wired_address_dataset
        where
                b_type = 'DeFi'
                and statistical_type = 'token'
                and platform_name = 'Derivatives'
                        and action = 'operate'
                        and asset = 'ALL' and transaction_volume_usd  >0 )) a
group by
        address"
Who are the addresses that have a token operate volume of at least 1 million on all Derivative Platforms?," SELECT
  address 
    FROM
      wired_address_dataset
    WHERE
      b_type = 'DeFi'
      and statistical_type = 'token'
      and platform_name='Derivatives'
      and asset = 'ALL'
      and action = 'operate' 
and 
  transaction_volume_usd >=1000000
GROUP BY
  address"
"Which addresses have a operate volume ranging from $100 to $1,000 on all Derivative Platforms?","  SELECT
  address 
    FROM
      wired_address_dataset
    WHERE
      b_type = 'DeFi'
      and statistical_type = 'token'
      and platform_name='Derivatives'
      and asset = 'ALL'
      and action = 'operate' 
and 
  transaction_volume_usd >=100 AND transaction_volume_usd<=1000
GROUP BY
  address"
Who are the addresses with an activity count between 400 to 619 on all Derivative Platforms? ,"SELECT
  address 
    FROM
      wired_address_dataset
    WHERE
      b_type = 'DeFi'
      and statistical_type = 'token'
      and platform_name='Derivatives'
      and asset = 'ALL'
      and action = 'ALL' 
and 
  transaction_count >=400 AND transaction_count<=619
GROUP BY
  address"
Who are the addresses with a WETH activity count of 1-9 on all Derivative Platforms?,"SELECT
  address 
    FROM
      wired_address_dataset
    WHERE
      b_type = 'DeFi'
      and statistical_type = 'token'
      and platform_name='Derivatives'
      and asset = 'Wrapped Ether'
      and action = 'ALL' 
and 
  transaction_count >=1 AND transaction_count<=9
GROUP BY
  address"
Who are the addresses with a WETH activity count of at least 619 on all Derivative Platforms?,"SELECT
  address 
    FROM
      wired_address_dataset
    WHERE
      b_type = 'DeFi'
      and statistical_type = 'token'
      and platform_name='Derivatives'
      and asset = 'Wrapped Ether'
      and action = 'ALL' 
and 
  transaction_count >=619
GROUP BY
  address"
Who are the addresses with a WETH activity count between 400 to 619 on all Derivative Platforms?,"SELECT
  address 
    FROM
      wired_address_dataset
    WHERE
      b_type = 'DeFi'
      and statistical_type = 'token'
      and platform_name='Derivatives'
      and asset = 'Wrapped Ether'
      and action = 'ALL' 
and 
  transaction_count >=400 AND transaction_count<=619
GROUP BY
  address"
"Which addresses have a WETH token operate volume ranging from $100 to $1,000 on DYDX?","  SELECT
  address 
    FROM
      wired_address_dataset
    WHERE
      b_type = 'DeFi'
      and statistical_type = 'token'
      and platform_name='dydx'
      and asset = 'Wrapped Ether'
      and action = 'operate' 
and 
  transaction_volume_usd >=100 AND transaction_volume_usd<=1000
GROUP BY
  address"
Can you provide the address that made trades on DYDX and has $1 Million in the number of operate volume traded?,"  SELECT
  address 
    FROM
      wired_address_dataset
    WHERE
      b_type = 'DeFi'
      and statistical_type = 'token'
      and platform_name='dydx'
      and asset = 'ALL'
      and action = 'operate' 
and 
  transaction_volume_usd >=1000000 
GROUP BY
  address"
What are the addresses that have made trades on DYDX and are in the top 10% in the number of operate volume traded?,"select
        address
from
        (
        select
                address
        from
                (
                select
                        address,
                        sum(transaction_volume_usd) transaction_volume_usd
                from
                        wired_address_dataset
                where
                        b_type = 'DeFi'
                        and statistical_type = 'token'
                        and platform_name = 'dydx'
                        and action = 'ALL'
                        and asset = 'ALL'   and transaction_volume_usd  >0 
                group by
                        address) b
        order by
                transaction_volume_usd desc
        limit (
        select
                floor(COUNT(distinct address) * 0.1)
        from
                wired_address_dataset
        where
                b_type = 'DeFi'
                and statistical_type = 'token'
                and platform_name = 'dydx'
                        and action = 'ALL'
                        and asset = 'ALL'   and transaction_volume_usd  >0 )) a
group by
        address"
"Which addresses have an WETH operate volume ranging from $100 to $1,000 on DYDX?","  SELECT
  address 
    FROM
      wired_address_dataset
    WHERE
      b_type = 'DeFi'
      and statistical_type = 'token'
      and platform_name='dydx'
      and asset = 'Wrapped Ether'
      and action = 'operate' 
and 
  transaction_volume_usd >=100 AND transaction_volume_usd<=1000
GROUP BY
  address"
Could you help me find addresses that have an WETH operate volume of at least 1 million on DYDX?,"  SELECT
  address 
    FROM
      wired_address_dataset
    WHERE
      b_type = 'DeFi'
      and statistical_type = 'token'
      and platform_name='dydx'
      and asset = 'Wrapped Ether'
      and action = 'operate' 
and 
  transaction_volume_usd >=1000000 
GROUP BY
  address"
Who are the top 10% of traders based on the operate volume of WETH trades on DYDX?,"select
        address
from
        (
        select
                address
        from
                (
                select
                        address,
                        sum(transaction_volume_usd) transaction_volume_usd
                from
                        wired_address_dataset
                where
                        b_type = 'DeFi'
                        and statistical_type = 'token'
                        and platform_name = 'dydx'
                        and action = 'operate'
                        and asset = 'Wrapped Ether'    and transaction_volume_usd  >0 
                group by
                        address) b
        order by
                transaction_volume_usd desc
        limit (
        select
                floor(COUNT(distinct address) * 0.1)
        from
                wired_address_dataset
        where
                b_type = 'DeFi'
                and statistical_type = 'token'
                and platform_name = 'dydx'
                        and action = 'operate'
                        and asset = 'Wrapped Ether' and transaction_volume_usd  >0 )) a
group by
        address"
"Which addresses have an WETH operate volume ranging from $100 to $1,000 on all Derivative Platforms?","  SELECT
  address 
    FROM
      wired_address_dataset
    WHERE
      b_type = 'DeFi'
      and statistical_type = 'token'
      and platform_name='Derivatives'
      and asset = 'Wrapped Ether'
      and action = 'operate' 
and 
  transaction_volume_usd >=100 AND transaction_volume_usd<=1000
GROUP BY
  address"
Can you provide the address that made trades on all Derivative Platforms and has at least $1 Million in the number of operate volume traded?,"  SELECT
  address 
    FROM
      wired_address_dataset
    WHERE
      b_type = 'DeFi'
      and statistical_type = 'token'
      and platform_name='Derivatives'
      and asset = 'Wrapped Ether'
      and action = 'operate' 
and 
  transaction_volume_usd >=1000000 
GROUP BY
  address"
What are the addresses that have made trades all Derivative Platforms and are in the top 10% in the number of operate volume traded?,"select
        address
from
        (
        select
                address
        from
                (
                select
                        address,
                        sum(transaction_volume_usd) transaction_volume_usd
                from
                        wired_address_dataset
                where
                        b_type = 'DeFi'
                        and statistical_type = 'token'
                        and platform_name = 'Derivatives'
                        and action = 'operate '
                        and asset = 'ALL'   and transaction_volume_usd  >0 
                group by
                        address) b
        order by
                transaction_volume_usd desc
        limit (
        select
                floor(COUNT(distinct address) * 0.1)
        from
                wired_address_dataset
        where
                b_type = 'DeFi'
                and statistical_type = 'token'
                and platform_name = 'Derivatives'
                        and action = 'operate'
                        and asset = 'ALL'  and transaction_volume_usd  >0 )) a
group by
        address"
"Which addresses have an WETH trades volume ranging from $100 to $1,000 on Uniswap?","select
                address
        from
                (
                select
                        address,
                        sum(transaction_volume_usd) as transaction_volume_usd
                from
                        wired_address_dataset
                where
                        b_type = 'DeFi'
                        and statistical_type = 'token'
                        and platform_name in ('Uniswap_v2', 'Uniswap_v3')
                        and action = 'ALL'
                        and asset = 'Wrapped Ether'
                group by address) b
        where transaction_volume_usd >= 100
          and transaction_volume_usd <= 1000
group by address"
Please assist me in finding addresses that have an WETH trading volume of at least 1 million on Uniswap？,"select
                address
        from
                (
                select
                        address,
                        sum(transaction_volume_usd) as transaction_volume_usd
                from
                        wired_address_dataset
                where
                        b_type = 'DeFi'
                        and statistical_type = 'token'
                        and platform_name in ('Uniswap_v2', 'Uniswap_v3')
                        and action = 'ALL'
                        and asset = 'Wrapped Ether'
                group by
                        address) b
        where
                transaction_volume_usd >= 1000000
     GROUP BY address"
Can you find some addresses for me that rank within the top 2.5% of WETH trading volume on all platforms based on Uniswap?,"select
        address
from
        (
        select
                address,
                sum(transaction_volume_usd) as transaction_volume_usd
        from
                wired_address_dataset
        where
                b_type = 'DeFi'
                and statistical_type = 'token'
                and platform_name in ('Uniswap_v2', 'Uniswap_v3')
                and action = 'ALL'
                and asset = 'Wrapped Ether'
        group by
                address) b
where
        transaction_volume_usd >0
order by transaction_volume_usd desc
limit (
select
                floor(COUNT(distinct address) * 0.025)
from
                 (
        select
                address,
                sum(transaction_volume_usd) as transaction_volume_usd
        from
                wired_address_dataset
        where
                b_type = 'DeFi'
                and statistical_type = 'token'
                and platform_name in ('Uniswap_v2', 'Uniswap_v3')
                        and action = 'ALL'
                        and asset = 'Wrapped Ether'
                group by
                        address) a
where
        transaction_volume_usd > 100 ) "
"Which addresses have a WETH trading volume ranging from $100 to $1,000 on all Decentralized Exchanges?"," SELECT
  address
FROM
  wired_address_dataset
WHERE
  b_type = 'DeFi'
  AND statistical_type = 'token'
  AND platform_name ='Dex'
  AND action = 'ALL'
  AND asset = 'Wrapped Ether'
  AND transaction_volume_usd >= 100
  AND transaction_volume_usd < =1000
GROUP BY
  address"
Please assist me in finding addresses that have a WETH trading volume of at least 1 million on all Decentralized Exchanges？," SELECT
  address
FROM
  wired_address_dataset
WHERE
  b_type = 'DeFi'
  AND statistical_type = 'token'
  AND platform_name in ('Dex')
  AND action = 'ALL'
  AND asset = 'Wrapped Ether'
  AND transaction_volume_usd >= 1000000
GROUP BY
  address"
Can you find some addresses for me that rank within the top 1% of traders on all platforms based on the trades volume of WETH trades on all Decentralized Exchanges?,"select
        address
from
        (
        select
                address
        from
                (
                select
                        address ,
                      sum(transaction_volume_usd) transaction_volume_usd
                from
                        wired_address_dataset
                where
                        b_type = 'DeFi'
                        and statistical_type = 'token'
                        and platform_name = 'Dex'
                        and action = 'ALL'
                        and asset = 'Wrapped Ether'
                        and transaction_volume_usd>0
                group by
                        address) b
        order by
                transaction_volume_usd desc
        limit (
        select
                floor(COUNT(distinct address) * 0.01)
        from
                wired_address_dataset
        where
                b_type = 'DeFi'
                and statistical_type = 'token'
                and platform_name = 'Dex'
                and action = 'ALL'
                and transaction_volume_usd>0
                and asset = 'Wrapped Ether')) a
group by
        address"
"Who made trades on all Decentralized Exchanges with a volume traded ranging from $100 to $1,000?","SELECT
  address
FROM
  wired_address_dataset
WHERE
  b_type = 'DeFi'
  AND statistical_type = 'token'
  AND platform_name ='Dex'
  AND action = 'ALL'
  AND asset = 'ALL'
  AND transaction_volume_usd >= 100
  AND transaction_volume_usd <= 1000
GROUP BY
  address"
Who made trades on Decentralized Exchanges with a volume traded of at least $1 million?," SELECT
  address
FROM
  wired_address_dataset
WHERE
  b_type = 'DeFi'
  AND statistical_type = 'token'
  AND platform_name in ('Dex')
  AND action = 'ALL'
  AND asset = 'ALL'
  AND transaction_volume_usd >= 1000000
GROUP BY
  address;"
Can you find some traders for me who rank within the top 2.5% on DEXs based on the volume traded?,"  select
                address
        from
                (
                select
                        address
                from
                        (
                        select
                                address,
                                sum(transaction_volume_usd) transaction_volume_usd
                        from
                                wired_address_dataset
                        where
                                b_type = 'DeFi'
                                and statistical_type = 'token'
                                and platform_name = 'Dex'
                                and action = 'ALL'
                                and asset = 'ALL
                                and transaction_volume_usd>0
                        group by
                                address) b
                order by
                        transaction_volume_usd desc
                limit (
                select
                        floor(COUNT(distinct address) * 0.025)
                from
                        wired_address_dataset
                where
                        b_type = 'DeFi'
                        and statistical_type = 'token'
                        and platform_name = 'Dex'
                        and action = 'ALL'
                        and transaction_volume_usd>0
                        and asset = 'Wrapped Ether')) a
        group by
                address"
Who are the addresses that have an activity count of 0-10 on Uniswap?,"SELECT
  address
FROM
  (
    SELECT
      address,
      sum(transaction_count) transaction_count
    FROM
      wired_address_dataset
    WHERE
      b_type = 'DeFi'
      and statistical_type = 'token'
      and platform_name in ('Uniswap_v2', 'Uniswap_v3')
      and asset = 'ALL'
      and action = 'ALL'
    group by
      address
  ) a
where
  transaction_count >=0 AND transaction_count<=10
GROUP BY
  address"
Who are the addresses that have an activity count of at least 619 on Uniswap?,"SELECT
  address
FROM
  (
    SELECT
      address,
      sum(transaction_count) transaction_count
    FROM
      wired_address_dataset
    WHERE
      b_type = 'DeFi'
      and statistical_type = 'token'
      and platform_name in ('Uniswap_v2', 'Uniswap_v3')
      and asset = 'ALL'
      and action = 'ALL'
    group by
      address
  ) a
where
  transaction_count >=619
GROUP BY
  address"
Who are the addresses that have an activity count between 400 to 619 on Uniswap?,"SELECT
  address
FROM
  (
    SELECT
      address,
      sum(transaction_count) transaction_count
    FROM
      wired_address_dataset
    WHERE
      b_type = 'DeFi'
      and statistical_type = 'token'
      and platform_name in ('Uniswap_v2', 'Uniswap_v3')
      and asset = 'ALL'
      and action = 'ALL'
    group by
      address
  ) a
where
  transaction_count >=400 AND transaction_count<=619
GROUP BY
  address"
Who are the addresses that have a WETH activity count of 0-10 on Uniswap?,"SELECT
  address
FROM
  (
    SELECT
      address,
      sum(transaction_count) transaction_count
    FROM
      wired_address_dataset
    WHERE
      b_type = 'DeFi'
      and statistical_type = 'token'
      and platform_name in ('Uniswap_v2', 'Uniswap_v3')
      and asset = 'Wrapped Ether'
      and action = 'ALL'
    group by
      address
  ) a
where
  transaction_count >=0 AND transaction_count<=10
GROUP BY
  address;"
Who are the addresses that have a WETH activity count of at least 619 on Uniswap?,"SELECT
  address
FROM
  (
    SELECT
      address,
      sum(transaction_count) transaction_count
    FROM
      wired_address_dataset
    WHERE
      b_type = 'DeFi'
      and statistical_type = 'token'
      and platform_name in ('Uniswap_v2', 'Uniswap_v3')
      and asset = 'Wrapped Ether'
      and action = 'ALL'
    group by
      address
  ) a
where
  transaction_count >=619
GROUP BY
  address;"
Who are the addresses with an activity count of 0-10 on all Decentralized Exchanges?,"SELECT
  address 
    FROM
      wired_address_dataset
    WHERE
      b_type = 'DeFi'
      and statistical_type = 'token'
      and platform_name ='Dex'
      and asset = 'ALL'
      and action = 'ALL' 
and
  transaction_count >=0 AND transaction_count<=10
GROUP BY
  address"
Who are the addresses with an activity count of at least 619 on all Decentralized Exchanges?,"SELECT
  address 
    FROM
      wired_address_dataset
    WHERE
      b_type = 'DeFi'
      and statistical_type = 'token'
      and platform_name ='Dex'
      and asset = 'ALL'
      and action = 'ALL' 
and
  transaction_count >=619
GROUP BY
  address"
Who are the addresses with a WETH activity count of 0-10 on all Decentralized Exchanges?,"SELECT
  address 
    FROM
      wired_address_dataset
    WHERE
      b_type = 'DeFi'
      and statistical_type = 'token'
      and platform_name in ('Dex')
      and asset = 'Wrapped Ether'
      and action = 'ALL' 
and
  transaction_count >=0 AND transaction_count<=10
GROUP BY
  address"
Who are the addresses with a WETH activity count between 400 to 619 on all Decentralized Exchanges?,"SELECT
  address 
    FROM
      wired_address_dataset
    WHERE
      b_type = 'DeFi'
      and statistical_type = 'token'
      and platform_name in ('Dex')
      and asset = 'Wrapped Ether'
      and action = 'ALL' 
and
  transaction_count >=400 AND transaction_count<=619
GROUP BY
  address"
"Which addresses have an ETH and ERC20 token swap volume ranging from $100 to $1,000 on Uniswap?"," select
                address
        from
                (
                select
                        address,
                        sum(transaction_volume_usd) as transaction_volume_usd
                from
                        wired_address_dataset
                where
                        b_type = 'DeFi'
                        and statistical_type = 'token'
                        and platform_name in ('Uniswap_v2', 'Uniswap_v3')
                        and action = 'swap'
                        and asset = 'ALL'
                group by
                        address) b
        where
                transaction_volume_usd >= 100
                and transaction_volume_usd <= 1000"
Can you provide the address that made trades on Uniswap and has $1 Million in the number of swap volume traded?,"        select
                address
        from
                (
                select
                        address,
                        sum(transaction_volume_usd) as transaction_volume_usd
                from
                        wired_address_dataset
                where
                        b_type = 'DeFi'
                        and statistical_type = 'token'
                        and platform_name in ('Uniswap_v2', 'Uniswap_v3')
                        and action = 'swap'
                        and asset = 'ALL'
                group by
                        address) b
        where transaction_volume_usd >= 1000000"
What are the addresses that have made trades on Uniswap and are in the top 10% in the number of swap volume traded?,"select
        address
from
        (
        select
                address,
                sum(transaction_volume_usd) as transaction_volume_usd
        from
                wired_address_dataset
        where
                b_type = 'DeFi'
                and statistical_type = 'token'
                and platform_name in ('Uniswap_v2', 'Uniswap_v3')
                and action = 'swap'
                and asset = 'ALL'
        group by
                address) b
where
        transaction_volume_usd > 0
order by
                transaction_volume_usd desc
limit (
select
                floor(COUNT(distinct address) * 0.1)
from
                 (
        select
                address,
                sum(transaction_volume_usd) as transaction_volume_usd
        from
                wired_address_dataset
        where
                b_type = 'DeFi'
                and statistical_type = 'token'
                and platform_name in ('Uniswap_v2', 'Uniswap_v3')
                        and action = 'swap'
                        and asset = 'ALL'
                group by
                        address) a
where
        transaction_volume_usd > 0 ) "
Who are the addresses with a WETH Swap activity count between 400 to 619 on all Decentralized Exchanges?,"  SELECT
  address 
    FROM
      wired_address_dataset
    WHERE
      b_type = 'DeFi'
      and statistical_type = 'token'
      and platform_name='Dex'
      and asset = 'Wrapped Ether'
      and action = 'swap' 
and 
  transaction_count >=400 AND transaction_count<=619
GROUP BY
  address"
Who are the addresses with a WETH Swap activity count of at least 619 on all Decentralized Exchanges?,"  SELECT
  address 
    FROM
      wired_address_dataset
    WHERE
      b_type = 'DeFi'
      and statistical_type = 'token'
      and platform_name ='Dex'
      and asset = 'Wrapped Ether'
      and action = 'swap' 
and 
  transaction_count >=619
GROUP BY
  address"
Who are the addresses with a WETH Swap activity count of 0-10 on all Decentralized Exchanges?,"SELECT
  address 
    FROM
      wired_address_dataset
    WHERE
      b_type = 'DeFi'
      and statistical_type = 'token'
      and platform_name ='Dex'
      and asset = 'Wrapped Ether'
      and action = 'swap' 
and 
  transaction_count >=0 AND transaction_count<=10
GROUP BY
  address"
Who are the addresses with a Swap activity count between 400 to 619 on all Decentralized Exchanges?,"  SELECT
  address 
    FROM
      wired_address_dataset
    WHERE
      b_type = 'DeFi'
      and statistical_type = 'token'
      and platform_name ='Dex'
      and asset = 'ALL'
      and action = 'swap' 
and 
  transaction_count >=400 AND transaction_count<=619
GROUP BY
  address"
Who are the addresses with a Swap activity count at least 619 on all Decentralized Exchanges?,"  SELECT
  address 
    FROM
      wired_address_dataset
    WHERE
      b_type = 'DeFi'
      and statistical_type = 'token'
      and platform_name ='Dex'
      and asset = 'ALL'
      and action = 'swap' 
and 
  transaction_count >=619
GROUP BY
  address"
Who are the addresses with a Swap activity count of 0-10 on all Decentralized Exchanges?," SELECT
  address 
    FROM
      wired_address_dataset
    WHERE
      b_type = 'DeFi'
      and statistical_type = 'token'
      and platform_name ='Dex'
      and asset = 'ALL'
      and action = 'swap' 
and 
  transaction_count >=0 AND transaction_count<=10
GROUP BY
  address"
Who are the addresses that have a WETH swap activity count between 400 to 619 on Uniswap?,"   select
        address
from
        (
        select
                address,
                sum(transaction_count) as transaction_count
        from
                wired_address_dataset
        where
                b_type = 'DeFi'
                and statistical_type = 'token'
                and platform_name in ('Uniswap_v2', 'Uniswap_v3')
                and action = 'swap'
                and asset = 'Wrapped Ether'
        group by
                address) b
where
        transaction_count >=400
        and transaction_count <= 619"
Who are the addresses that have a WETH swap activity count of at least 619 on Uniswap?,"select
        address
from
        (
        select
                address,
                sum(transaction_count) as transaction_count
        from
                wired_address_dataset
        where
                b_type = 'DeFi'
                and statistical_type = 'token'
                and platform_name in ('Uniswap_v2', 'Uniswap_v3')
                and action = 'swap'
                and asset = 'Wrapped Ether'
        group by
                address) b
where
        transaction_count >=619"
Who are the addresses that have a WETH swap activity count between 0 to 10 on Uniswap?,"select
 address
from
 (
 select
  address,
  sum(transaction_count) as transaction_count
 from
  wired_address_dataset
 where
  b_type = 'DeFi'
  and statistical_type = 'token'
  and platform_name in ('Uniswap_v2', 'Uniswap_v3')
  and action = 'swap'
  and asset = 'Wrapped Ether'
 group by
  address) b
where
 transaction_count >=0
 and transaction_count <= 10"
Who are the addresses that have a swap activity count between 400 to 619 on Uniswap?,"  select
        address
from
        (
        select
                address,
                sum(transaction_count) as transaction_count
        from
                wired_address_dataset
        where
                b_type = 'DeFi'
                and statistical_type = 'token'
                and platform_name in ('Uniswap_v2', 'Uniswap_v3')
                and action = 'swap'
                and asset = 'ALL'
        group by
                address) b
where
        transaction_count >=400
        and transaction_count <=619"
Who are the addresses that have a swap activity count of at least 619 on Uniswap?,"select
        address
from
        (
        select
                address,
                sum(transaction_count) as transaction_count
        from
                wired_address_dataset
        where
                b_type = 'DeFi'
                and statistical_type = 'token'
                and platform_name in ('Uniswap_v2', 'Uniswap_v3')
                and action = 'swap'
                and asset = 'ALL'
        group by
                address) b
where
        transaction_count >=619"
Who are the addresses that have a swap activity count of 0-10 on Uniswap?,"select
 address
from
 (
 select
  address,
  sum(transaction_count) as transaction_count
 from
  wired_address_dataset
 where
  b_type = 'DeFi'
  and statistical_type = 'token'
  and platform_name in ('Uniswap_v2', 'Uniswap_v3')
  and action = 'swap'
  and asset = 'ALL'
 group by
  address) b
where
 transaction_count >=0
 and transaction_count <= 10"
Who are the top 1% of traders based on the swap volume of all trades on all Decentralized Exchanges?,"        select
                address
        from
                (
                select
                        address
                from
                        (
                        select
                                address ,
                                sum(transaction_volume_usd) transaction_volume_usd
                        from
                                wired_address_dataset
                        where
                                b_type = 'DeFi'
                                and statistical_type = 'token'
                                and platform_name = 'Dex'
                                and action = 'swap'
                                and asset = 'ALL'
                                and transaction_volume_usd>0
                        group by
                                address) b
                order by
                        transaction_volume_usd desc
                limit (
                select
                        floor(COUNT(distinct address) * 0.01)
                from
                        wired_address_dataset
                where
                        b_type = 'DeFi'
                        and statistical_type = 'token'
                        and platform_name = 'Dex'
                        and action = 'swap'
                        and transaction_volume_usd>0
                        and asset = 'ALL')) a
        group by
                address"
Who are the addresses that have a token swap volume of at least 1 million on all Decentralized Exchanges?,"select
 address
from
 wired_address_dataset
where
 b_type = 'DeFi'
 and statistical_type = 'token'
 and platform_name in ('Dex')
 and action = 'swap'
 and asset = 'ALL'
 and transaction_volume_usd >= 1000000
group by
 address"
"Which addresses have a swap volume ranging from $100 to $1,000 on all Decentralized Exchanges?","select
 address
from
 wired_address_dataset
where
 b_type = 'DeFi'
 and statistical_type = 'token'
 and platform_name in ('Dex')
 and action = 'swap'
 and asset = 'ALL'
 and transaction_volume_usd >= 100
 and transaction_volume_usd <= 1000
group by
 address"
What are the addresses that have made trades all Decentralized Exchanges and are in the top 10% in the number of swap volume traded?,"      select
                address
        from
                (
                select
                        address
                from
                        (
                        select
                                address,
                                sum(transaction_volume_usd) transaction_volume_usd
                        from
                                wired_address_dataset
                        where
                                b_type = 'DeFi'
                                and statistical_type = 'token'
                                and platform_name = 'Dex'
                                and action = 'swap'
                                and asset = 'ALL'
                                and transaction_volume_usd>0
                        group by
                                address) b
                order by
                        transaction_volume_usd desc
                limit (
                select
                        floor(COUNT(distinct address) * 0.1)
                from
                        wired_address_dataset
                where
                        b_type = 'DeFi'
                        and statistical_type = 'token'
                        and platform_name = 'Dex'
                        and action = 'swap'
                        and transaction_volume_usd>0
                        and asset = 'ALL')) a
        group by
                address"
Can you provide the address that made trades on all Decentralized Exchanges and has at least $1 Million in the number of swap volume traded?," select
                address
                from
                        wired_address_dataset
                where
                        b_type = 'DeFi'
                        and statistical_type = 'token'
                        and platform_name in ('Dex')
                        and action = 'swap'
                        and asset = 'Wrapped Ether'
              and transaction_volume_usd >= 1000000
              group by
                        address"
"Which addresses have an WETH swap volume ranging from $100 to $1,000 on all Decentralized Exchanges?","select
 address
from
 wired_address_dataset
where
 b_type = 'DeFi'
 and statistical_type = 'token'
 and platform_name in ('Dex')
 and action = 'swap'
 and asset = 'Wrapped Ether'
 and 
                transaction_volume_usd >= 100
 and transaction_volume_usd <=1000
group by
 address"
Who are the top 10% of traders based on the swap volume of WETH trades on Uniswap?,"select
        address
from
        (
        select
                address,
                sum(transaction_volume_usd) as transaction_volume_usd
        from
                wired_address_dataset
        where
                b_type = 'DeFi'
                and statistical_type = 'token'
                and platform_name in ('Uniswap_v2', 'Uniswap_v3')
                and action = 'swap'
                and asset = 'Wrapped Ether'
        group by
                address) b
where
        transaction_volume_usd >0
order by
                transaction_volume_usd desc
limit (
select
                floor(COUNT(distinct address) * 0.1)
from
                 (
        select
                address,
                sum(transaction_volume_usd) as transaction_volume_usd
        from
                wired_address_dataset
        where
                b_type = 'DeFi'
                and statistical_type = 'token'
                and platform_name in ('Uniswap_v2', 'Uniswap_v3')
                        and action = 'swap'
                        and asset = 'Wrapped Ether'
                group by
                        address) b
where
        transaction_volume_usd >0 )"
Could you help me find addresses that have an WETH swap volume of at least 1 million on Uniswap?,"select
                address
        from
                (
                select
                        address,
                        sum(transaction_volume_usd) as transaction_volume_usd
                from
                        wired_address_dataset
                where
                        b_type = 'DeFi'
                        and statistical_type = 'token'
                        and platform_name in ('Uniswap_v2', 'Uniswap_v3')
                        and action = 'swap'
                        and asset = 'Wrapped Ether'
                group by
                        address) b
        where transaction_volume_usd >= 1000000
group by address"
"Which addresses have an WETH swap volume ranging from $100 to $1,000 on Uniswap?","select
                address
        from
                (
                select
                        address,
                        sum(transaction_volume_usd) as transaction_volume_usd
                from
                        wired_address_dataset
                where
                        b_type = 'DeFi'
                        and statistical_type = 'token'
                        and platform_name in ('Uniswap_v2', 'Uniswap_v3')
                        and action = 'swap'
                        and asset = 'Wrapped Ether'
                group by
                        address) b
        where
                transaction_volume_usd >= 100
                and transaction_volume_usd < 1000
group by address"
Who are the addresses with a WETH Deposit activity count between 400 and 619 on all Service Platforms?,"SELECT
address 
FROM
wired_address_dataset
WHERE
b_type = 'DeFi'
and statistical_type = 'token'
and platform_name='Services'
and asset = 'Wrapped Ether'
and action = 'ALL' 
and 
transaction_count >=400 AND transaction_count<=619
GROUP BY
address"
Who are the addresses with a WETH Deposit activity count of at least 619 on all Service Platforms?,"SELECT
address 
FROM
wired_address_dataset
WHERE
b_type = 'DeFi'
and statistical_type = 'token'
and platform_name='Services'
and asset = 'Wrapped Ether'
and action = 'ALL' 
and 
transaction_count >=619
GROUP BY
address"
Who are the addresses with a WETH Deposit activity count of 1-9 on all Service Platforms?,"SELECT
address 
FROM
wired_address_dataset
WHERE
b_type = 'DeFi'
and statistical_type = 'token'
and platform_name='Services'
and asset = 'Wrapped Ether'
and action = 'ALL' 
and transaction_count >=1 AND transaction_count<=9
GROUP BY
address"
Who are the addresses with a Deposit activity count between 400 and 619 on all Service Platforms? ,"SELECT
address 
FROM
wired_address_dataset
WHERE
b_type = 'DeFi'
and statistical_type = 'token'
and platform_name='Services'
and asset = 'ALL'
and action = 'ALL' 
and transaction_count >=400 AND transaction_count<=619
GROUP BY
address"
Who are the addresses with a Deposit activity count at least 619 on all Service Platforms?,"SELECT
address 
FROM
wired_address_dataset
WHERE
b_type = 'DeFi'
and statistical_type = 'token'
and platform_name='Services'
and asset = 'ALL'
and action = 'ALL' 
and 
transaction_count >=619
GROUP BY
address"
Who are the addresses with a Deposit activity count of 1-9 on all Service Platforms?,"SELECT
address 
FROM
wired_address_dataset
WHERE
b_type = 'DeFi'
and statistical_type = 'token'
and platform_name='Services'
and asset = 'ALL'
and action = 'ALL' 
and 
transaction_count >=1 AND transaction_count<=9
GROUP BY
address"
Who are the addresses that have a WETH Deposit activity count between 400 and 619 on Instadapp?,"SELECT
address 
FROM
wired_address_dataset
WHERE
b_type = 'DeFi'
and statistical_type = 'token'
and platform_name='Instadapp'
and asset = 'Wrapped Ether'
and action = 'ALL' 
and 
transaction_count >=400 AND transaction_count<=619
GROUP BY
address"
Who are the addresses that have a WETH Deposit activity count of at least 619 on Instadapp?,"SELECT
address 
FROM
wired_address_dataset
WHERE
b_type = 'DeFi'
and statistical_type = 'token'
and platform_name='Instadapp'
and asset = 'Wrapped Ether'
and action = 'ALL' 
and transaction_count >=619
GROUP BY
address"
Who are the addresses that have a WETH Deposit activity count between 1 and 9 on Instadapp?,"SELECT
address 
FROM
wired_address_dataset
WHERE
b_type = 'DeFi'
and statistical_type = 'token'
and platform_name='Instadapp'
and asset = 'Wrapped Ether'
and action = 'ALL' 
and 
transaction_count >=1 AND transaction_count<=9
GROUP BY
address"
Who are the addresses that have a Deposit activity count between 400 and 619 on Instadapp?,"SELECT
address 
FROM
wired_address_dataset
WHERE
b_type = 'DeFi'
and statistical_type = 'token'
and platform_name='Instadapp'
and asset = 'ALL'
and action = 'ALL' 
and 
transaction_count >=400 AND transaction_count<=619
GROUP BY
address"
Who are the addresses that have a Deposit activity count of at least 619 on Instadapp?,"SELECT 
address 
FROM 
wired_address_dataset 
WHERE 
b_type = 'DeFi' 
and statistical_type = 'token' 
and platform_name='Instadapp' 
and asset = 'ALL' 
and action = 'ALL' 
and transaction_count >=619 
GROUP BY 
address"
Who are the addresses that have a Deposit activity count of 1-9 on Instadapp?,"SELECT
address 
FROM
wired_address_dataset
WHERE
b_type = 'DeFi'
and statistical_type = 'token'
and platform_name='Instadapp'
and asset = 'ALL'
and action = 'ALL' 
and transaction_count >=1 AND transaction_count<=9
GROUP BY
address"
Who are the top 1% of traders based on the Deposit volume of all trades on all Service Platforms?,"select
        address
from
        (
        select
                address
        from
                (
                select
                        address,
                        sum(transaction_volume_usd) transaction_volume_usd
                from
                        wired_address_dataset
                where
                        b_type = 'DeFi'
                        and statistical_type = 'token'
                        and platform_name = 'Services'
                        and action = 'deposit'
                        and asset = 'ALL'    and transaction_volume_usd  >0 
                group by
                        address) b
        order by
                transaction_volume_usd desc
        limit (
        select
                floor(COUNT(distinct address) * 0.01)
        from
                wired_address_dataset
        where
                b_type = 'DeFi'
                and statistical_type = 'token'
                and platform_name = 'Services'
                        and action = 'deposit'
                        and asset = 'ALL' and transaction_volume_usd  >0 )) a
group by
        address"
"Who made trades on Lido with a volume traded ranging from $100 to $1,000?","SELECT
address 
FROM
wired_address_dataset
WHERE
b_type = 'DeFi'
and statistical_type = 'token'
and platform_name='Lido'
and asset = 'ALL'
and action = 'ALL' 
and transaction_volume_usd >=100 AND transaction_volume_usd<=1000
GROUP BY
address"
Who made trades on Lido with a volume traded of at least $1 million?,"SELECT
address 
FROM
wired_address_dataset
WHERE
b_type = 'DeFi'
and statistical_type = 'token'
and platform_name='Lido'
and asset = 'ALL'
and action = 'ALL' 
and transaction_volume_usd >=1000000 
GROUP BY
address"
Can you find some traders for me who rank within the top 0.1% on Lido based on the volume traded?,"select
address
from
(
select
address
from
(
select
address
,sum(transaction_volume_usd) transaction_volume_usd
from
wired_address_dataset
where
b_type = 'DeFi'
and statistical_type = 'token'
and platform_name = 'Lido'
and action = 'ALL'
and asset = 'ALL'
and transaction_volume_usd>0
group by
address) b
order by
transaction_volume_usd desc
limit (
select
floor(COUNT(distinct address) * 0.001)
from
wired_address_dataset
where
b_type = 'DeFi'
and statistical_type = 'token'
and platform_name = 'Lido'
and action = 'ALL'
and transaction_volume_usd>0
and asset = 'ALL')) a
group by
address"
"Which addresses have an ETH trades volume ranging from $100 to $1,000 on Lido?","SELECT
address 
FROM
wired_address_dataset
WHERE
b_type = 'DeFi'
and statistical_type = 'token'
and platform_name='Lido'
and asset = 'ETH'
and action = 'ALL' 
and transaction_volume_usd >=100 AND transaction_volume_usd<=1000
GROUP BY
address"
Please assist me in finding addresses that have an ETH trading volume of at least 1 million on Lido？,"SELECT
address 
FROM
wired_address_dataset
WHERE
b_type = 'DeFi'
and statistical_type = 'token'
and platform_name='Lido'
and asset = 'ETH'
and action = 'ALL' 
and transaction_volume_usd >=1000000 
GROUP BY
address"
Can you find some addresses for me that rank within the top 2.5% of ETH trading volume on all platforms based on Lido?,"select
address
from
(
select
address
from
(
select
address,
sum(transaction_volume_usd) transaction_volume_usd
from
wired_address_dataset
where
b_type = 'DeFi'
and statistical_type = 'token'
and platform_name = 'Lido'
and action = 'ALL'
and asset = 'ETH'
and transaction_volume_usd>0
group by
address) b
order by
transaction_volume_usd desc
limit (
select
floor(COUNT(distinct address) * 0.025)
from
wired_address_dataset
where
b_type = 'DeFi'
and statistical_type = 'token'
and platform_name = 'Lido'
and action = 'ALL'
and transaction_volume_usd>0
and asset = 'ETH')) a
group by
address"
"Which addresses have a ETH trading volume ranging from $100 to $1,000 on all ETH2.0 Platforms? ","SELECT
address 
FROM
wired_address_dataset
WHERE
b_type = 'DeFi'
and statistical_type = 'token'
and platform_name='Eth2.0'
and asset = 'ETH'
and action = 'ALL' 
and transaction_volume_usd >=100 AND transaction_volume_usd<=1000
GROUP BY
address"
Please assist me in finding addresses that have a ETH trading volume of at least 1 million on all ETH2.0 Platforms？,"SELECT
address 
FROM
wired_address_dataset
WHERE
b_type = 'DeFi'
and statistical_type = 'token'
and platform_name='Eth2.0'
and asset = 'ETH'
and action = 'ALL' 
and transaction_volume_usd >=1000000 
GROUP BY
address"
Can you find some addresses for me that rank within the top 1% of traders on all platforms based on the trades volume of ETH trades on all ETH2.0 Platforms?,"select
address
from
(
select
address
from
(
select
address
,sum(transaction_volume_usd) transaction_volume_usd
from
wired_address_dataset
where
b_type = 'DeFi'
and statistical_type = 'token'
and platform_name = 'Eth2.0'
and action = 'ALL'
and transaction_volume_usd>0
and asset = 'ETH'
group by
address) b
order by
transaction_volume_usd desc
limit (
select
floor(COUNT(distinct address) * 0.01)
from
wired_address_dataset
where
b_type = 'DeFi'
and statistical_type = 'token'
and platform_name = 'Eth2.0'
and transaction_volume_usd>0
and action = 'ALL'
and asset = 'ETH')) a
group by
address"
Who are the addresses that have a token Deposit volume of at least 1 million on all Service Platforms?,"SELECT
address 
FROM
wired_address_dataset
WHERE
b_type = 'DeFi'
and statistical_type = 'token'
and platform_name='Services'
and asset = 'ALL'
and action = 'deposit' 
and transaction_volume_usd >=1000000 
GROUP BY
address"
"Which addresses have a Deposit volume ranging from $100 to $1,000 on all Service Platforms?","SELECT
address 
FROM
wired_address_dataset
WHERE
b_type = 'DeFi'
and statistical_type = 'token'
and platform_name='Services'
and asset = 'ALL'
and action = 'deposit' 
and 
transaction_volume_usd >=100 AND transaction_volume_usd<=1000
GROUP BY
address"
What are the addresses that have made trades all Service Platforms and are in the top 10% in the number of Deposit volume traded?,"select
        address
from
        (
        select
                address
        from
                (
                select
                        address,
                        sum(transaction_volume_usd) transaction_volume_usd
                from
                        wired_address_dataset
                where
                        b_type = 'DeFi'
                        and statistical_type = 'token'
                        and platform_name = 'Services'
                        and action = 'deposit'
                        and asset = 'ALL'    and transaction_volume_usd  >0 
                group by
                        address) b
        order by
                transaction_volume_usd desc
        limit (
        select
                floor(COUNT(distinct address) * 0.1)
        from
                wired_address_dataset
        where
                b_type = 'DeFi'
                and statistical_type = 'token'
                and platform_name = 'Services'
                        and action = 'deposit'
                        and asset = 'ALL' and transaction_volume_usd  >0 )) a
group by
        address"
Can you provide the address that made trades on all Service Platforms and has at least $1 Million in the number of Deposit volume traded?,"SELECT
address 
FROM
wired_address_dataset
WHERE
b_type = 'DeFi'
and statistical_type = 'token'
and platform_name='Services'
and asset = 'ALL'
and action = 'deposit' 
and 
transaction_volume_usd >=1000000 
GROUP BY
address"
"Which addresses have an WETH Deposit volume ranging from $100 to $1,000 on all Service Platforms?","SELECT
address 
FROM
wired_address_dataset
WHERE
b_type = 'DeFi'
and statistical_type = 'token'
and platform_name='Services'
and asset = 'Wrapped Ether'
and action = 'deposit' 
and 
transaction_volume_usd >=100 AND transaction_volume_usd<=1000
GROUP BY
address"
Who are the top 10% of traders based on the Deposit volume of WETH trades on Instadapp?,"select
        address
from
        (
        select
                address
        from
                (
                select
                        address,
                        sum(transaction_volume_usd) transaction_volume_usd
                from
                        wired_address_dataset
                where
                        b_type = 'DeFi'
                        and statistical_type = 'token'
                        and platform_name = 'Instadapp '
                        and action = 'deposit'
                        and asset = 'Wrapped Ether'    and transaction_volume_usd  >0 
                group by
                        address) b
        order by
                transaction_volume_usd desc
        limit (
        select
                floor(COUNT(distinct address) * 0.1)
        from
                wired_address_dataset
        where
                b_type = 'DeFi'
                and statistical_type = 'token'
                and platform_name = 'Instadapp '
                        and action = 'deposit'
                        and asset = 'Wrapped Ether'  and transaction_volume_usd  >0 )) a
group by
        address"
Could you help me find addresses that have an WETH Deposit volume of at least 1 million on Instadapp?,"SELECT
address 
FROM
wired_address_dataset
WHERE
b_type = 'DeFi'
and statistical_type = 'token'
and platform_name='Instadapp'
and asset = 'Wrapped Ether'
and action = 'deposit' 
and 
transaction_volume_usd >=1000000 
GROUP BY
address"
"Which addresses have an WETH Deposit volume ranging from $100 to $1,000 on Instadapp?","SELECT
address 
FROM
wired_address_dataset
WHERE
b_type = 'DeFi'
and statistical_type = 'token'
and platform_name='Instadapp'
and asset = 'Wrapped Ether'
and action = 'deposit' 
and 
transaction_volume_usd >=100 AND transaction_volume_usd<=1000
GROUP BY
address"
What are the addresses that have made trades on Instadapp and are in the top 10% in the number of Deposit volume traded?,"select
        address
from
        (
        select
                address
        from
                (
                select
                        address,
                        sum(transaction_volume_usd) transaction_volume_usd
                from
                        wired_address_dataset
                where
                        b_type = 'DeFi'
                        and statistical_type = 'token'
                        and platform_name = 'Instadapp '
                        and action = 'deposit'
                        and asset = 'ALL'    and transaction_volume_usd  >0 
                group by
                        address) b
        order by
                transaction_volume_usd desc
        limit (
        select
                floor(COUNT(distinct address) * 0.1)
        from
                wired_address_dataset
        where
                b_type = 'DeFi'
                and statistical_type = 'token'
                and platform_name = 'Instadapp '
                        and action = 'deposit'
                        and asset = 'ALL' and transaction_volume_usd  >0 )) a
group by
        address"
Can you provide the address that made trades on Instadapp and has $1 Million in the number of Deposit volume traded?,"SELECT
address 
FROM
wired_address_dataset
WHERE
b_type = 'DeFi'
and statistical_type = 'token'
and platform_name='Instadapp'
and asset = 'ALL'
and action = 'deposit' 
and 
transaction_volume_usd >=1000000 
GROUP BY
address"
"Which addresses have an ETH and ERC20 token Deposit volume ranging from $100 to $1,000 on Instadapp? ","SELECT
address 
FROM
wired_address_dataset
WHERE
b_type = 'DeFi'
and statistical_type = 'token'
and platform_name='Instadapp'
and asset = 'ALL'
and action = 'deposit' 
and 
transaction_volume_usd >=100 AND transaction_volume_usd<=1000
GROUP BY
address"
Who are the addresses with a WETH activity count between 400 and 619 on all Service Platforms? ,"SELECT 
address 
FROM 
wired_address_dataset 
WHERE 
b_type = 'DeFi' 
and statistical_type = 'token' 
and platform_name='Services' 
and asset = 'Wrapped Ether' 
and action = 'ALL' 
and 
transaction_count >=400 AND transaction_count<=619 
GROUP BY 
address"
Who are the addresses with a WETH activity count of at least 619 on all Service Platforms?,"SELECT 
address 
FROM 
wired_address_dataset 
WHERE 
b_type = 'DeFi' 
and statistical_type = 'token' 
and platform_name='Services' 
and asset = 'Wrapped Ether' 
and action = 'ALL' 
and transaction_count >=619 
GROUP BY 
address"
Who are the addresses with a WETH activity count of 1-9 on all Service Platforms?,"SELECT
address 
FROM
wired_address_dataset
WHERE
b_type = 'DeFi'
and statistical_type = 'token'
and platform_name='Services'
and asset = 'Wrapped Ether'
and action = 'ALL' 
and 
transaction_count >=1 AND transaction_count<=9
GROUP BY
address"
Who are the addresses with an activity count between 400 and 619 on all Service Platforms?,"SELECT 
address 
FROM 
wired_address_dataset 
WHERE 
b_type = 'DeFi' 
and statistical_type = 'token' 
and platform_name='Services' 
and asset = 'ALL' 
and action = 'ALL' 
and 
transaction_count >=400 AND transaction_count<=619 
GROUP BY 
address"
Who are the addresses with an activity count of at least 619 on all Service Platforms?,"SELECT
address 
FROM
wired_address_dataset
WHERE
b_type = 'DeFi'
and statistical_type = 'token'
and platform_name='Services'
and asset = 'ALL'
and action = 'ALL' 
and 
transaction_count >=619
GROUP BY
address"
Who are the addresses with an activity count of 1-9 on all Service Platforms?,"SELECT
address 
FROM
wired_address_dataset
WHERE
b_type = 'DeFi'
and statistical_type = 'token'
and platform_name='Services'
and asset = 'ALL'
and action = 'ALL' 
and 
transaction_count >=1 AND transaction_count<=9
GROUP BY
address"
Who are the addresses that have a WETH activity count between 400 and 619 on Instadapp?,"SELECT
address 
FROM
wired_address_dataset
WHERE
b_type = 'DeFi'
and statistical_type = 'token'
and platform_name='Instadapp'
and asset = 'Wrapped Ether'
and action = 'ALL' 
and 
transaction_count >=400 AND transaction_count<=619
GROUP BY
address"
Who are the addresses that have a WETH activity count of at least 619 on Instadapp?,"SELECT
address 
FROM
wired_address_dataset
WHERE
b_type = 'DeFi'
and statistical_type = 'token'
and platform_name='Instadapp'
and asset = 'Wrapped Ether'
and action = 'ALL' 
and transaction_count >=619
GROUP BY
address"
Who are the addresses that have a WETH activity count of 1-9 on Instadapp?,"SELECT
address 
FROM
wired_address_dataset
WHERE
b_type = 'DeFi'
and statistical_type = 'token'
and platform_name='Instadapp'
and asset = 'Wrapped Ether'
and action = 'ALL' 
and 
transaction_count >=1 AND transaction_count<=9
GROUP BY
address"
Who are the addresses that have an activity count between 400 and 619 on Instadapp?,"SELECT 
address 
FROM 
wired_address_dataset 
WHERE 
b_type = 'DeFi' 
and statistical_type = 'token' 
and platform_name='Instadapp' 
and asset = 'ALL' 
and action = 'ALL' 
and 
transaction_count >=400 AND transaction_count<=619 
GROUP BY 
address"
Who are the addresses that have an activity count of at least 619 on Instadapp?,"SELECT
address 
FROM
wired_address_dataset
WHERE
b_type = 'DeFi'
and statistical_type = 'token'
and platform_name='Instadapp'
and asset = 'ALL'
and action = 'ALL' 
and transaction_count >=619
GROUP BY
address"
Who are the addresses that have an activity count of 1-9 on Instadapp?,"SELECT
address 
FROM
wired_address_dataset
WHERE
b_type = 'DeFi'
and statistical_type = 'token'
and platform_name='Instadapp'
and asset = 'ALL'
and action = 'ALL' 
and 
transaction_count >=1 AND transaction_count<=9
GROUP BY
address"
Can you find some traders for me who rank within the top 2.5% on Services based on the volume traded?,"select
        address
from
        (
        select
                address
        from
                (
                select
                        address,
                        sum(transaction_volume_usd) transaction_volume_usd
                from
                        wired_address_dataset
                where
                        b_type = 'DeFi'
                        and statistical_type = 'token'
                        and platform_name = 'Services'
                        and action = 'ALL'
                        and asset = 'ALL'
                        and transaction_volume_usd>0
                group by
                        address) b
        order by
                transaction_volume_usd desc
        limit (
        select
                floor(COUNT(distinct address) * 0.025)
        from
                wired_address_dataset
        where
                b_type = 'DeFi'
                and statistical_type = 'token'
                and platform_name = 'Services'
                        and action = 'ALL'
                        and transaction_volume_usd>0
                        and asset = 'ALL')) a
group by
        address"
Who made trades on Service Platforms with a volume traded of at least $1 million?,"SELECT
address 
FROM
wired_address_dataset
WHERE
b_type = 'DeFi'
and statistical_type = 'token'
and platform_name='Services'
and asset = 'ALL'
and action = 'ALL' 
and 
transaction_volume_usd >=1000000 
GROUP BY
address"
"Who made trades on all ETH2.0 Platforms with a volume traded ranging from $100 to $1,000?","SELECT
address 
FROM
wired_address_dataset
WHERE
b_type = 'DeFi'
and statistical_type = 'token'
and platform_name='Eth2.0'
and asset = 'ALL'
and action = 'ALL' 
and 
transaction_volume_usd >=100 AND transaction_volume_usd<=1000
GROUP BY
address"
Who made trades on ETH2.0 Platforms with a volume traded of at least $1 million?,"SELECT
address 
FROM
wired_address_dataset
WHERE
b_type = 'DeFi'
and statistical_type = 'token'
and platform_name='Eth2.0'
and asset = 'ALL'
and action = 'ALL' 
and 
transaction_volume_usd >=1000000 
GROUP BY
address"
Can you find some traders for me who rank within the top 2.5% on ETH2.0 based on the volume traded?,"select
address
from
(
select
address
from
(
select
address,
sum(transaction_volume_usd) transaction_volume_usd
from
wired_address_dataset
where
b_type = 'DeFi'
and statistical_type = 'token'
and platform_name = 'Eth2.0'
and action = 'ALL'
and asset = 'ALL'
and transaction_volume_usd>0
group by
address) b
order by
transaction_volume_usd desc
limit (
select
floor(COUNT(distinct address) * 0.025)
from
wired_address_dataset
where
b_type = 'DeFi'
and statistical_type = 'token'
and platform_name = 'Eth2.0'
and action = 'ALL'
and transaction_volume_usd>0
and asset = 'ALL')) a
group by
address"
Who are the addresses that have an activity count of 1-9 on Lido?,"SELECT
address 
FROM
wired_address_dataset
WHERE
b_type = 'DeFi'
and statistical_type = 'token'
and platform_name='Lido'
and asset = 'ALL'
and action = 'ALL' 
and 
transaction_count >=1 AND transaction_count <=9
GROUP BY
address"
Who are the addresses that have an activity count of at least 619 on Lido?,"SELECT 
address 
FROM 
wired_address_dataset 
WHERE 
b_type = 'DeFi' 
and statistical_type = 'token' 
and platform_name='Lido' 
and asset = 'ALL' 
and action = 'ALL' 
and transaction_count >=619 
GROUP BY 
address"
Who are the addresses that have an activity count between 400 to 619 on Lido?,"SELECT
address 
FROM
wired_address_dataset
WHERE
b_type = 'DeFi'
and statistical_type = 'token'
and platform_name='Lido'
and asset = 'ALL'
and action = 'ALL' 
and 
transaction_count >=400 AND transaction_count <=619
GROUP BY
address"
Who are the addresses that have a ETH activity count of 1-9 on Lido?,"SELECT
address 
FROM
wired_address_dataset
WHERE
b_type = 'DeFi'
and statistical_type = 'token'
and platform_name='Lido'
and asset = 'ETH'
and action = 'ALL' 
and 
transaction_count >=1 AND transaction_count <=9
GROUP BY
address"
Who are the addresses that have a ETH activity count of at least 619 on Lido?,"SELECT 
address 
FROM 
wired_address_dataset 
WHERE 
b_type = 'DeFi' 
and statistical_type = 'token' 
and platform_name='Lido' 
and asset = 'ETH' 
and action = 'ALL' 
and transaction_count >=619 
GROUP BY 
address"
Who are the addresses that have a ETH activity count between 400 to 619 on Lido?,"SELECT
address 
FROM
wired_address_dataset
WHERE
b_type = 'DeFi'
and statistical_type = 'token'
and platform_name='Lido'
and asset = 'ETH'
and action = 'ALL' 
and 
transaction_count >=400 AND transaction_count <=619
GROUP BY
address"
Who are the addresses with an activity count of 0-10 on all ETH2.0 Platforms?,"SELECT
address 
FROM
wired_address_dataset
WHERE
b_type = 'DeFi'
and statistical_type = 'token'
and platform_name='Eth2.0'
and asset = 'ALL'
and action = 'ALL' 
and 
transaction_count >=0 AND transaction_count <=10
GROUP BY
address"
Who are the addresses with an activity count of at least 619 on all ETH2.0 Platforms?,"SELECT 
address 
FROM 
wired_address_dataset 
WHERE 
b_type = 'DeFi' 
and statistical_type = 'token' 
and platform_name='Eth2.0' 
and asset = 'ALL' 
and action = 'ALL' 
and 
transaction_count >=619 
GROUP BY 
address"
Who are the addresses with an activity count between 400 to 619 on all ETH2.0 Platforms? ,"SELECT
address 
FROM
wired_address_dataset
WHERE
b_type = 'DeFi'
and statistical_type = 'token'
and platform_name='Eth2.0'
and asset = 'ALL'
and action = 'ALL' 
and 
transaction_count >=400 AND transaction_count <=619
GROUP BY
address"
Who are the addresses with a ETH activity count of at least 619 on all ETH2.0 Platforms?,"SELECT
address 
FROM
wired_address_dataset
WHERE
b_type = 'DeFi'
and statistical_type = 'token'
and platform_name='Eth2.0'
and asset = 'ETH'
and action = 'ALL' 
and transaction_count >=619
GROUP BY
address"
Who are the addresses with a ETH activity count of 400-619 on all ETH2.0 Platforms?,"SELECT
address 
FROM
wired_address_dataset
WHERE
b_type = 'DeFi'
and statistical_type = 'token'
and platform_name='Eth2.0'
and asset = 'ETH'
and action = 'ALL' 
and 
transaction_count >=400 AND transaction_count <=619
GROUP BY
address"
"Who made trades on all Service Platforms with a volume traded ranging from $100 to $1,000?","SELECT
address 
FROM
wired_address_dataset
WHERE
b_type = 'DeFi'
and statistical_type = 'token'
and platform_name='Services'
and asset = 'ALL'
and action = 'ALL' 
and 
transaction_volume_usd >=100 AND transaction_volume_usd<=1000
GROUP BY
address"
Can you find some addresses for me that rank within the top 1% of traders on all platforms based on the trades volume of WETH trades on all Service Platforms?,"select
        address
from
        (
        select
                address
        from
                (
                select
                        address,
                        sum(transaction_volume_usd) transaction_volume_usd
                from
                        wired_address_dataset
                where
                        b_type = 'DeFi'
                        and statistical_type = 'token'
                        and platform_name = 'Services'
                        and action = 'ALL'
                        and asset = 'Wrapped Ether'    and transaction_volume_usd  >0 
                group by
                        address) b
        order by
                transaction_volume_usd desc
        limit (
        select
                floor(COUNT(distinct address) * 0.01)
        from
                wired_address_dataset
        where
                b_type = 'DeFi'
                and statistical_type = 'token'
                and platform_name = 'Services'
                        and action = 'ALL'
                        and asset = 'Wrapped Ether' and transaction_volume_usd  >0 )) a
group by
        address"
Please assist me in finding addresses that have a WETH trading volume of at least 1 million on all Service Platforms？,"SELECT
address 
FROM
wired_address_dataset
WHERE
b_type = 'DeFi'
and statistical_type = 'token'
and platform_name='Services'
and asset = 'Wrapped Ether'
and action = 'ALL' 
and 
transaction_volume_usd >=1000000 
GROUP BY
address"
"Which addresses have a WETH trading volume ranging from $100 to $1,000 on all Service Platforms?","SELECT
address 
FROM
wired_address_dataset
WHERE
b_type = 'DeFi'
and statistical_type = 'token'
and platform_name='Services'
and asset = 'Wrapped Ether'
and action = 'ALL' 
and 
transaction_volume_usd >=100 AND transaction_volume_usd<=1000
GROUP BY
address"
Can you find some addresses for me that rank within the top 2.5% of WETH trading volume on all platforms based on Instadapp?,"select
        address
from
        (
        select
                address
        from
                (
                select
                        address,
                        sum(transaction_volume_usd) transaction_volume_usd
                from
                        wired_address_dataset
                where
                        b_type = 'DeFi'
                        and statistical_type = 'token'
                        and platform_name = 'Instadapp '
                        and action = 'ALL'
                        and asset = 'Wrapped Ether' and transaction_volume_usd  >0 
                group by
                        address) b
        order by
                transaction_volume_usd desc
        limit (
        select
                floor(COUNT(distinct address) * 0.025)
        from
                wired_address_dataset
        where
                b_type = 'DeFi'
                and statistical_type = 'token'
                and platform_name = 'Instadapp '
                        and action = 'ALL'
                        and asset = 'Wrapped Ether' and transaction_volume_usd  >0 )) a
group by
        address"
Please assist me in finding addresses that have an WETH trading volume of at least 1 million on Instadapp？,"SELECT
address 
FROM
wired_address_dataset
WHERE
b_type = 'DeFi'
and statistical_type = 'token'
and platform_name='Instadapp'
and asset = 'Wrapped Ether'
and action = 'ALL' 
and 
transaction_volume_usd >=1000000 
GROUP BY
address"
"Which addresses have an WETH trades volume ranging from $100 to $1,000 on Instadapp?","SELECT
address 
FROM
wired_address_dataset
WHERE
b_type = 'DeFi'
and statistical_type = 'token'
and platform_name='Instadapp'
and asset = 'Wrapped Ether'
and action = 'ALL' 
and 
transaction_volume_usd >=100 AND transaction_volume_usd<=1000
GROUP BY
address"
Can you find some traders for me who rank within the top 0.1% on Instadapp based on the volume traded?,"select
        address
from
        (
        select
                address
        from
                (
                select
                        address,
                        sum(transaction_volume_usd) transaction_volume_usd
                from
                        wired_address_dataset
                where
                        b_type = 'DeFi'
                        and statistical_type = 'token'
                        and platform_name = 'Instadapp '
                        and action = 'ALL'
                        and asset = 'ALL' and transaction_volume_usd  >0 
                group by
                        address) b
        order by
                transaction_volume_usd desc
        limit (
        select
                floor(COUNT(distinct address) * 0.001)
        from
                wired_address_dataset
        where
                b_type = 'DeFi'
                and statistical_type = 'token'
                and platform_name = 'Instadapp '
                        and action = 'ALL'
                        and asset = 'ALL' and transaction_volume_usd  >0 )) a
group by
        address"
Who made trades on Instadapp with a volume traded of at least $1 million?,"SELECT
address 
FROM
wired_address_dataset
WHERE
b_type = 'DeFi'
and statistical_type = 'token'
and platform_name='Instadapp'
and asset = 'ALL'
and action = 'ALL' 
and 
transaction_volume_usd >=1000000 
GROUP BY
address"
Who are the addresses with a ETH activity count between 400 to 619 on all ETH2.0 Platforms?,"SELECT
address 
FROM
wired_address_dataset
WHERE
b_type = 'DeFi'
and statistical_type = 'token'
and platform_name='Eth2.0'
and asset = 'ETH'
and action = 'ALL' 
and 
transaction_count >=400 AND transaction_count <=619
GROUP BY
address"
"Which addresses have an ETH token Stake volume ranging from $100 to $1,000 on Lido?","SELECT
address 
FROM
wired_address_dataset
WHERE
b_type = 'DeFi'
and statistical_type = 'token'
and platform_name='Lido'
and asset = 'ETH'
and action = 'stake' 
and 
transaction_volume_usd >=100 AND transaction_count <=1000
GROUP BY
address"
Can you provide the address that made trades on Lido and has $1 Million in the number of Stake volume traded?,"SELECT
address 
FROM
wired_address_dataset
WHERE
b_type = 'DeFi'
and statistical_type = 'token'
and platform_name='Lido'
and asset = 'ALL'
and action = 'stake' 
and 
transaction_volume_usd >=1000000 
GROUP BY
address"
What are the addresses that have made trades on Lido and are in the top 10% in the number of Stake volume traded?,"select
address
from
(
select
address
from
(
select
address
,sum(transaction_volume_usd) transaction_volume_usd
from
wired_address_dataset
where
b_type = 'DeFi'
and statistical_type = 'token'
and platform_name = 'Lido'
and action = 'stake'
and asset = 'ALL'
and transaction_volume_usd>0
group by
address) b
order by
transaction_volume_usd desc
limit (
select
floor(COUNT(distinct address) * 0.1)
from
wired_address_dataset
where
b_type = 'DeFi'
and statistical_type = 'token'
and platform_name = 'Lido'
and action = 'stake'
and transaction_volume_usd>0
and asset = 'ALL')) a
group by
address "
"Which addresses have an ETH Stake volume ranging from $100 to $1,000 on Lido?","SELECT 
address 
FROM 
wired_address_dataset 
WHERE 
b_type = 'DeFi' 
and statistical_type = 'token' 
and platform_name='Lido' 
and asset = 'ETH' 
and action = 'stake' 
and 
transaction_volume_usd >=100 AND transaction_volume_usd<=1000 
GROUP BY 
address"
Could you help me find addresses that have an ETH Stake volume of at least 1 million on Lido？,"SELECT 
address 
FROM 
wired_address_dataset 
WHERE 
b_type = 'DeFi' 
and statistical_type = 'token' 
and platform_name='Lido' 
and asset = 'ETH' 
and action = 'stake' 
and 
transaction_volume_usd >=1000000 
GROUP BY 
address"
Who are the top 0.1% of traders based on the Stake volume of ETH trades on Lido?,"select
address
from
(
select
address
from
(
select
address
,sum(transaction_volume_usd) transaction_volume_usd
from
wired_address_dataset
where
b_type = 'DeFi'
and statistical_type = 'token'
and platform_name = 'Lido'
and action = 'stake'
and asset = 'ALL'
and transaction_volume_usd>0
group by
address) b
order by
transaction_volume_usd desc
limit (
select
floor(COUNT(distinct address) * 0.01)
from
wired_address_dataset
where
b_type = 'DeFi'
and statistical_type = 'token'
and platform_name = 'Lido'
and action = 'stake'
and transaction_volume_usd>0
and asset = 'ALL')) a
group by
address"
"Which addresses have an ETH Stake volume ranging from $100 to $1,000 on all ETH2.0 Platforms?","SELECT
address 
FROM
wired_address_dataset
WHERE
b_type = 'DeFi'
and statistical_type = 'token'
and platform_name='Eth2.0'
and asset = 'ETH'
and action = 'stake' 
and 
transaction_volume_usd >=100 AND transaction_volume_usd<=1000
GROUP BY
address"
Can you provide the address that made trades on all ETH2.0 Platforms and has at least $1 Million in the number of Stake volume traded?,"SELECT
address 
FROM
wired_address_dataset
WHERE
b_type = 'DeFi'
and statistical_type = 'token'
and platform_name='Eth2.0'
and asset = 'ALL'
and action = 'stake' 
and 
transaction_volume_usd >=1000000 
GROUP BY
address"
What are the addresses that have made trades all ETH2.0 Platforms and are in the top 10% in the number of Stake volume traded?,"select 
address 
from 
( 
select 
address 
from 
( 
select 
address 
,sum(transaction_volume_usd) transaction_volume_usd 
from 
wired_address_dataset 
where 
b_type = 'DeFi' 
and statistical_type = 'token' 
and platform_name = 'Eth2.0' 
and action = 'stake' 
and asset = 'ALL' 
and transaction_volume_usd>0
group by 
address) b 
order by 
transaction_volume_usd desc 
limit ( 
select 
floor(COUNT(distinct address) * 0.1) 
from 
wired_address_dataset 
where 
b_type = 'DeFi' 
and statistical_type = 'token' 
and platform_name = 'Eth2.0' 
and action = 'stake' 
and transaction_volume_usd>0
and asset = 'ALL')) a 
group by 
address"
"Which addresses have a Stake volume ranging from $100 to $1,000 on all ETH2.0 Platforms? ","SELECT
address 
FROM
wired_address_dataset
WHERE
b_type = 'DeFi'
and statistical_type = 'token'
and platform_name='Eth2.0'
and asset = 'ALL'
and action = 'stake' 
and transaction_volume_usd >=100 
and transaction_volume_usd <=1000
GROUP BY
address"
Who are the addresses that have a token Stake volume of at least 1 million on all ETH2.0 Platforms?,"SELECT 
address 
FROM 
wired_address_dataset 
WHERE 
b_type = 'DeFi' 
and statistical_type = 'token' 
and platform_name='Eth2.0' 
and asset = 'ALL' 
and action = 'stake' 
and 
transaction_volume_usd >=1000000 
GROUP BY 
address"
"Who made trades on Instadapp with a volume traded ranging from $100 to $1,000? ","SELECT
address 
FROM
wired_address_dataset
WHERE
b_type = 'DeFi'
and statistical_type = 'token'
and platform_name='Instadapp'
and asset = 'ALL'
and action = 'ALL' 
and transaction_volume_usd >=100
and transaction_volume_usd <=1000
GROUP BY
address"
Who are the addresses with a USDT Borrow activity count between 400 to 619 on all Lending Platforms?,"SELECT
address 
FROM
wired_address_dataset
WHERE
b_type = 'DeFi'
and statistical_type = 'token'
and platform_name='Lending'
and asset = 'Tether USD'
and action = 'borrow' 
and 
transaction_count >=400 
and 
transaction_count <=619
GROUP BY
address"
Who are the addresses with a USDT Borrow activity count of at least 619 on all Lending Platforms?,"SELECT 
address 
FROM 
wired_address_dataset 
WHERE 
b_type = 'DeFi' 
and statistical_type = 'token' 
and platform_name='Lending' 
and asset = 'Tether USD' 
and action = 'borrow' 
and 
transaction_count >=619 
GROUP BY 
address"
Who are the addresses with a USDT Borrow activity count of 1-9 on all Lending Platforms?,"SELECT
address 
FROM
wired_address_dataset
WHERE
b_type = 'DeFi'
and statistical_type = 'token'
and platform_name='Lending'
and asset = 'Tether USD'
and action = 'borrow' 
and 
transaction_count >=1 AND transaction_count<=9
GROUP BY
address"
Who are the addresses with a Borrow activity count between 400 to 619 on all Lending Platforms? ,"SELECT
address 
FROM
wired_address_dataset
WHERE
b_type = 'DeFi'
and statistical_type = 'token'
and platform_name='Lending'
and asset = 'ALL'
and action = 'borrow' 
and 
transaction_count >=400 AND transaction_count<=619
GROUP BY
address"
Who are the addresses with a Borrow activity count at least 619 on all Lending Platforms?,"SELECT
address 
FROM
wired_address_dataset
WHERE
b_type = 'DeFi'
and statistical_type = 'token'
and platform_name='Lending'
and asset = 'ALL'
and action = 'borrow' 
and 
transaction_count >=619
GROUP BY
address"
Who are the top 1% of traders based on the Stake volume of all trades on all ETH2.0 Platforms?,"select 
address 
from 
( 
select 
address 
from 
( 
select 
address 
, sum(transaction_volume_usd) transaction_volume_usd 
from 
wired_address_dataset 
where 
b_type = 'DeFi' 
and statistical_type = 'token' 
and platform_name = 'Eth2.0' 
and action = 'stake' 
and asset = 'ALL' 
and transaction_volume_usd>0
group by 
address) b 
order by 
transaction_volume_usd desc 
limit ( 
select 
floor(COUNT(distinct address) * 0.01) 
from 
wired_address_dataset 
where 
b_type = 'DeFi' 
and statistical_type = 'token' 
and platform_name = 'Eth2.0' 
and action = 'stake' 
and transaction_volume_usd>0
and asset = 'ALL')) a 
group by 
address"
Who are the addresses that have a Stake activity count of 1-9 on Lido?,"SELECT
address 
FROM
wired_address_dataset
WHERE
b_type = 'DeFi'
and statistical_type = 'token'
and platform_name='Lido'
and asset = 'ALL'
and action = 'stake' 
and 
transaction_count >=1 AND transaction_count<=9
GROUP BY
address"
Who are the addresses that have a Stake activity count of at least 619 on Lido?,"SELECT
address 
FROM
wired_address_dataset
WHERE
b_type = 'DeFi'
and statistical_type = 'token'
and platform_name='Lido'
and asset = 'ALL'
and action = 'stake' 
and transaction_count >=619
GROUP BY
address"
Who are the addresses that have a Stake activity count between 400 to 619 on Lido?,"SELECT
address 
FROM
wired_address_dataset
WHERE
b_type = 'DeFi'
and statistical_type = 'token'
and platform_name='Lido'
and asset = 'ALL'
and action = 'stake' 
and 
transaction_count >=400 AND transaction_count<=619
GROUP BY
address"
Who are the addresses that have a ETH Stake activity count between 1 to 9 on Lido?,"SELECT
address 
FROM
wired_address_dataset
WHERE
b_type = 'DeFi'
and statistical_type = 'token'
and platform_name='Lido'
and asset = 'ETH'
and action = 'stake' 
and transaction_count >=1 AND transaction_count<=9
GROUP BY
address"
Who are the addresses that have a ETH Stake activity count of at least 619 on Lido?,"SELECT 
address 
FROM 
wired_address_dataset 
WHERE 
b_type = 'DeFi' 
and statistical_type = 'token' 
and platform_name='Lido' 
and asset = 'ETH' 
and action = 'stake' 
and transaction_count >=619 
GROUP BY 
address"
Who are the addresses that have a ETH Stake activity count between 400 to 619 on Lido?,"SELECT 
address 
FROM 
wired_address_dataset 
WHERE 
b_type = 'DeFi' 
and statistical_type = 'token' 
and platform_name='Lido' 
and asset = 'ETH' 
and action = 'stake' 
and transaction_count >=400 AND transaction_count<=619 
GROUP BY 
address"
Who are the addresses with a Stake activity count of 1-9 on all ETH2.0 Platforms?,"SELECT
address 
FROM
wired_address_dataset
WHERE
b_type = 'DeFi'
and statistical_type = 'token'
and platform_name='Eth2.0'
and asset = 'ALL'
and action = 'stake' 
and 
transaction_count >=1 AND transaction_count<=9
GROUP BY
address"
Who are the addresses with a Stake activity count at least 619 on all ETH2.0 Platforms?,"SELECT 
address 
FROM 
wired_address_dataset 
WHERE 
b_type = 'DeFi' 
and statistical_type = 'token' 
and platform_name='Eth2.0' 
and asset = 'ALL' 
and action = 'stake' 
and transaction_count >=619 
GROUP BY 
address"
Who are the addresses with a Stake activity count between 400 to 619 on all ETH2.0 Platforms?,"SELECT
address 
FROM
wired_address_dataset
WHERE
b_type = 'DeFi'
and statistical_type = 'token'
and platform_name='Eth2.0'
and asset = 'ALL'
and action = 'stake' 
and transaction_count >=400 AND transaction_count<=619
GROUP BY
address"
Who are the addresses with a ETH Stake activity count of 1-9 on all ETH2.0 Platforms?,"SELECT
address 
FROM
wired_address_dataset
WHERE
b_type = 'DeFi'
and statistical_type = 'token'
and platform_name='Eth2.0'
and asset = 'ETH'
and action = 'stake' 
and transaction_count >=1 AND transaction_count<=9
GROUP BY
address"
Who are the addresses with a ETH Stake activity count of at least 619 on all ETH2.0 Platforms?,"select address 
FROM 
wired_address_dataset 
WHERE 
b_type = 'DeFi' 
and statistical_type = 'token' 
and platform_name='Eth2.0' 
and asset = 'ETH' 
and action = 'stake' 
and transaction_count >=619 
GROUP BY 
address"
Who are the addresses with a ETH Stake activity count between 400 to 619 on all ETH2.0 Platforms?,"SELECT
address 
FROM
wired_address_dataset
WHERE
b_type = 'DeFi'
and statistical_type = 'token'
and platform_name='Eth2.0'
and asset = 'ETH'
and action = 'stake' 
and 
transaction_count >=400 AND transaction_count<=619
GROUP BY
address"
"Who made trades on AAVE with a volume traded ranging from $100 to $1,000?","SELECT
address 
FROM
wired_address_dataset
WHERE
b_type = 'DeFi'
and statistical_type = 'token'
and platform_name='AAVE'
and asset = 'ALL'
and action = 'ALL' 
and 
transaction_volume_usd >=100 AND transaction_volume_usd<=1000
GROUP BY
address"
Who made trades on AAVE with a volume traded of at least $1 million?,"SELECT
address 
FROM
wired_address_dataset
WHERE
b_type = 'DeFi'
and statistical_type = 'token'
and platform_name='AAVE'
and asset = 'ALL'
and action = 'ALL' 
and 
transaction_volume_usd >=1000000 
GROUP BY
address"
Can you find some traders for me who rank within the top 0.1% on AAVE based on the volume traded?,"select
        address
from
        (
        select
                address
        from
                (
                select
                        address,
                        sum(transaction_volume_usd) transaction_volume_usd
                from
                        wired_address_dataset
                where
                        b_type = 'DeFi'
                        and statistical_type = 'token'
                        and platform_name = 'AAVE'
                        and action = 'ALL'
                        and asset = 'ALL'  and transaction_volume_usd  >0 
                group by
                        address) b
        order by
                transaction_volume_usd desc
        limit (
        select
                floor(COUNT(distinct address) * 0.001)
        from
                wired_address_dataset
        where
                b_type = 'DeFi'
                and statistical_type = 'token'
                and platform_name = 'AAVE'
                and action = 'ALL'
                and asset = 'ALL'  and transaction_volume_usd  >0 )) a
group by
        address"
"Which addresses have an USDT trades volume ranging from $100 to $1,000 on AAVE?","SELECT
address 
FROM
wired_address_dataset
WHERE
b_type = 'DeFi'
and statistical_type = 'token'
and platform_name='AAVE'
and asset = 'Tether USD'
and action = 'ALL' 
and 
transaction_volume_usd >=100 AND transaction_volume_usd<=1000
GROUP BY
address"
Please assist me in finding addresses that have an USDT trading volume of at least 1 million on AAVE？,"SELECT
address 
FROM
wired_address_dataset
WHERE
b_type = 'DeFi'
and statistical_type = 'token'
and platform_name='AAVE'
and asset = 'Tether USD'
and action = 'ALL' 
and 
transaction_volume_usd >=1000000 
GROUP BY
address"
Can you find some addresses for me that rank within the top 2.5% of USDT trading volume on all platforms based on AAVE?,"select
        address
from
        (
        select
                address
        from
                (
                select
                        address,
                        sum(transaction_volume_usd) transaction_volume_usd
                from
                        wired_address_dataset
                where
                        b_type = 'DeFi'
                        and statistical_type = 'token'
                        and platform_name = 'AAVE'
                        and action = 'ALL'
                        and asset = 'Tether USD' and transaction_volume_usd  >0 
                group by
                        address) b
        order by
                transaction_volume_usd desc
        limit (
        select
                floor(COUNT(distinct address) * 0.025)
        from
                wired_address_dataset
        where
                b_type = 'DeFi'
                and statistical_type = 'token'
                and platform_name = 'AAVE'
                and action = 'ALL'
                and asset = 'Tether USD' and transaction_volume_usd  >0 )) a
group by
        address"
"Which addresses have a USDT trading volume ranging from $100 to $1,000 on all Lending Platforms?","SELECT
address 
FROM
wired_address_dataset
WHERE
b_type = 'DeFi'
and statistical_type = 'token'
and platform_name='Lending'
and asset = 'Tether USD'
and action = 'ALL' 
and 
transaction_volume_usd >=100 AND transaction_volume_usd<=1000
GROUP BY
address"
Please assist me in finding addresses that have a USDT trading volume of at least 1 million on all Lending Platforms？,"SELECT
address 
FROM
wired_address_dataset
WHERE
b_type = 'DeFi'
and statistical_type = 'token'
and platform_name='Lending'
and asset = 'Tether USD'
and action = 'ALL' 
and transaction_volume_usd >=1000000 
GROUP BY
address"
Can you find some addresses for me that rank within the top 1% of traders on all platforms based on the trades volume of USDT trades on all Lending Platforms?,"select
        address
from
        (
        select
                address
        from
                (
                select
                        address,
                        sum(transaction_volume_usd) transaction_volume_usd
                from
                        wired_address_dataset
                where
                        b_type = 'DeFi'
                        and statistical_type = 'token'
                        and platform_name = 'Lending'
                        and action = 'ALL'
                        and asset = 'Tether USD'   and transaction_volume_usd  >0 
                group by
                        address) b
        order by
                transaction_volume_usd desc
        limit (
        select
                floor(COUNT(distinct address) * 0.01)
        from
                wired_address_dataset
        where
                b_type = 'DeFi'
                and statistical_type = 'token'
                and platform_name = 'Lending'
                and action = 'ALL'
                and asset = 'Tether USD'   and transaction_volume_usd  >0 )) a
group by
        address"
"Who made trades on all Lending Platforms with a volume traded ranging from $100 to $1,000?","SELECT 
address 
FROM 
wired_address_dataset 
WHERE 
b_type = 'DeFi' 
and statistical_type = 'token' 
and platform_name='Lending' 
and asset = 'ALL' 
and action = 'ALL' 
and 
transaction_volume_usd >=100 AND transaction_volume_usd<=1000 
GROUP BY 
address"
Who made trades on Lending Platforms with a volume traded of at least $1 million?,"SELECT 
address 
FROM 
wired_address_dataset 
WHERE 
b_type = 'DeFi' 
and statistical_type = 'token' 
and platform_name='Lending' 
and asset = 'ALL' 
and action = 'ALL' 
and 
transaction_volume_usd >=1000000 
GROUP BY 
address"
Can you find some traders for me who rank within the top 2.5% on Lendings based on the volume traded?,"select
        address
from
        (
        select
                address
        from
                (
                select
                        address,
                        sum(transaction_volume_usd) transaction_volume_usd
                from
                        wired_address_dataset
                where
                        b_type = 'DeFi'
                        and statistical_type = 'token'
                        and platform_name = 'Lending'
                        and action = 'ALL'
                        and asset = 'ALL'   and transaction_volume_usd  >0 
                group by
                        address) b
        order by
                transaction_volume_usd desc
        limit (
        select
                floor(COUNT(distinct address) * 0.025)
        from
                wired_address_dataset
        where
                b_type = 'DeFi'
                and statistical_type = 'token'
                and platform_name = 'Lending'
                and action = 'ALL'
                and asset = 'ALL' and transaction_volume_usd >0)) a
group by
        address"
Who are the addresses that have an activity count of 1-9 on AAVE?,"SELECT
address 
FROM
wired_address_dataset
WHERE
b_type = 'DeFi'
and statistical_type = 'token'
and platform_name='AAVE'
and asset = 'ALL'
and action = 'ALL' 
and transaction_count >=1 AND transaction_count <=9
GROUP BY
address"
Who are the addresses that have an activity count of at least 619 on AAVE?,"SELECT
address 
FROM
wired_address_dataset
WHERE
b_type = 'DeFi'
and statistical_type = 'token'
and platform_name='AAVE'
and asset = 'ALL'
and action = 'ALL' 
and transaction_count >=619
GROUP BY
address"
Who are the addresses that have an activity count between 400 to 619 on AAVE?,"SELECT
address 
FROM
wired_address_dataset
WHERE
b_type = 'DeFi'
and statistical_type = 'token'
and platform_name='AAVE'
and asset = 'ALL'
and action = 'ALL' 
and 
transaction_count >=400 AND transaction_count <=619
GROUP BY
address"
Who are the addresses that have a USDT activity count of 1-9 on AAVE?,"SELECT
address 
FROM
wired_address_dataset
WHERE
b_type = 'DeFi'
and statistical_type = 'token'
and platform_name='AAVE'
and asset = 'Tether USD'
and action = 'ALL' 
and transaction_count >=1 AND transaction_count <=9
GROUP BY
address"
Who are the addresses that have a USDT activity count of at least 619 on AAVE?,"SELECT
address 
FROM
wired_address_dataset
WHERE
b_type = 'DeFi'
and statistical_type = 'token'
and platform_name='AAVE'
and asset = 'Tether USD'
and action = 'ALL' 
and transaction_count >=619
GROUP BY
address"
Who are the addresses that have a USDT activity count between 400 to 619 on AAVE?,"SELECT
address 
FROM
wired_address_dataset
WHERE
b_type = 'DeFi'
and statistical_type = 'token'
and platform_name='AAVE'
and asset = 'Tether USD'
and action = 'ALL' 
and transaction_count >=400 AND transaction_count <=619
GROUP BY
address"
Who are the addresses with an activity count of 1-9 on all Lending Platforms?,"SELECT
address 
FROM
wired_address_dataset
WHERE
b_type = 'DeFi'
and statistical_type = 'token'
and platform_name='Lending'
and asset = 'ALL'
and action = 'ALL' 
and transaction_count >=1 AND transaction_count <=9
GROUP BY
address"
Who are the addresses with an activity count of at least 619 on all Lending Platforms?,"SELECT 
address 
FROM 
wired_address_dataset 
WHERE 
b_type = 'DeFi' 
and statistical_type = 'token' 
and platform_name='Lending' 
and asset = 'ALL' 
and action = 'ALL' 
and transaction_count >=619 
GROUP BY 
address"
Who are the addresses with an activity count between 400 and 619 on all Lending Platforms?,"SELECT 
address 
FROM 
wired_address_dataset 
WHERE 
b_type = 'DeFi' 
and statistical_type = 'token' 
and platform_name='Lending' 
and asset = 'ALL' 
and action = 'ALL' 
and transaction_count >=400 AND transaction_count <=619 
GROUP BY 
address"
Who are the addresses with a USDT activity count of 1-9 on all Lending Platforms?,"SELECT
address 
FROM
wired_address_dataset
WHERE
b_type = 'DeFi'
and statistical_type = 'token'
and platform_name='Lending'
and asset = 'Tether USD'
and action = 'ALL' 
and transaction_count >=1 AND transaction_count <=9
GROUP BY
address"
Who are the addresses with a USDT activity count of at least 619 on all Lending Platforms?,"SELECT 
address 
FROM 
wired_address_dataset 
WHERE 
b_type = 'DeFi' 
and statistical_type = 'token' 
and platform_name='Lending' 
and asset = 'Tether USD' 
and action = 'ALL' 
and transaction_count >=619 
GROUP BY 
address"
Who are the addresses with a USDT activity count between 400 to 619 on all Lending Platforms? ,"SELECT 
address 
FROM 
wired_address_dataset 
WHERE 
b_type = 'DeFi' 
and statistical_type = 'token' 
and platform_name='Lending' 
and asset = 'Tether USD' 
and action = 'ALL' 
and 
transaction_count >=400 AND transaction_count <=619 
GROUP BY 
address"
"Which addresses have a Borrow volume ranging from $100 to $1,000 on AAVE?","select
address
from
wired_address_dataset
where
b_type = 'DeFi'
and statistical_type = 'token'
and platform_name = 'AAVE'
and action = 'borrow'
and asset = 'ALL'
and transaction_volume_usd >= 100
and transaction_volume_usd <= 1000
group by
address"
Can you provide the address that made trades on AAVE and has $1 Million in the number of Borrow volume traded?,"select address
from
wired_address_dataset
where
b_type = 'DeFi'
and statistical_type = 'token'
and platform_name = 'AAVE'
and action = 'borrow'
and asset = 'ALL'
and transaction_volume_usd >= 1000000
group by
address"
What are the addresses that have made trades on AAVE and are in the top 10% in the number of Borrow volume traded?,"select
        address
from
        (
        select
                address
        from
                (
                select
                        address,
                        sum(transaction_volume_usd) transaction_volume_usd
                from
                        wired_address_dataset
                where
                        b_type = 'DeFi'
                        and statistical_type = 'token'
                        and platform_name = 'AAVE'
                        and action = 'borrow'
                        and asset = 'ALL'    and transaction_volume_usd  >0 
                group by
                        address) b
        order by
                transaction_volume_usd desc
        limit (
        select
                floor(COUNT(distinct address) * 0.1)
        from
                wired_address_dataset
        where
                b_type = 'DeFi'
                and statistical_type = 'token'
                and platform_name = 'AAVE'
                and action = 'borrow'
                and asset = 'ALL'  and transaction_volume_usd  >0 )) a
group by
        address;"
"Which addresses have an USDT Borrow volume ranging from $100 to $1,000 on AAVE?","select
address
from
wired_address_dataset
where
b_type = 'DeFi'
and statistical_type = 'token'
and platform_name = 'AAVE'
and action = 'borrow'
and asset = 'Tether USD'
and transaction_volume_usd >= 100
and transaction_volume_usd <= 1000
group by
address"
Could you help me find addresses that have an USDT Borrow volume of at least 1 million on AAVE？,"select
address
from
wired_address_dataset
where
b_type = 'DeFi'
and statistical_type = 'token'
and platform_name = 'AAVE'
and action = 'borrow'
and asset = 'Tether USD'
and transaction_volume_usd >= 1000000
group by
address"
Who are the top 10% of traders based on the Borrow volume of USDT trades on AAVE?,"select
        address
from
        (
        select
                address
        from
                (
                select
                        address,
                        sum(transaction_volume_usd) transaction_volume_usd
                from
                        wired_address_dataset
                where
                        b_type = 'DeFi'
                        and statistical_type = 'token'
                        and platform_name = 'AAVE'
                        and action = 'borrow'
                        and asset = 'Tether USD'    and transaction_volume_usd  >0 
                group by
                        address) b
        order by
                transaction_volume_usd desc
        limit (
        select
                floor(COUNT(distinct address) * 0.1)
        from
                wired_address_dataset
        where
                b_type = 'DeFi'
                and statistical_type = 'token'
                and platform_name = 'AAVE'
                and action = 'borrow'
                and asset = 'Tether USD'   and transaction_volume_usd  >0 )) a
group by
        address"
"Which addresses have an USDT Borrow volume ranging from $100 to $1,000 on all Lending Platforms?","select
address
from
wired_address_dataset
where
b_type = 'DeFi'
and statistical_type = 'token'
and platform_name = 'Lending'
and action = 'borrow'
and asset = 'Tether USD'
and transaction_volume_usd >= 100
and transaction_volume_usd < 1000
group by
address"
Can you provide the address that made trades on all Lending Platforms and has at least $1 Million in the number of Borrow volume traded?,"select
address
from
wired_address_dataset
where
b_type = 'DeFi'
and statistical_type = 'token'
and platform_name = 'Lending'
and action = 'borrow'
and asset = 'Tether USD'
and transaction_volume_usd >= 1000000
group by
address"
What are the addresses that have made trades all Lending Platforms and are in the top 10% in the number of Borrow volume traded?,"select
        address
from
        (
        select
                address
        from
                (
                select
                        address,
                        sum(transaction_volume_usd) transaction_volume_usd
                from
                        wired_address_dataset
                where
                        b_type = 'DeFi'
                        and statistical_type = 'token'
                        and platform_name = 'Lending'
                        and action = 'borrow'
                        and asset = 'ALL'   and transaction_volume_usd  >0 
                group by
                        address) b
        order by
                transaction_volume_usd desc
        limit (
        select
                floor(COUNT(distinct address) * 0.1)
        from
                wired_address_dataset
        where
                b_type = 'DeFi'
                and statistical_type = 'token'
                and platform_name = 'Lending'
                and action = 'borrow'
                and asset = 'Tether USD'   and transaction_volume_usd  >0 )) a
group by
        address"
"Which addresses have a Borrow volume ranging from $100 to $1,000 on all Lending Platforms?","select
address
from
wired_address_dataset
where
b_type = 'DeFi'
and statistical_type = 'token'
and platform_name = 'Lending'
and action = 'borrow'
and asset = 'ALL'
and transaction_volume_usd >= 100
and transaction_volume_usd <= 1000
group by
address"
Who are the addresses that have a token Borrow volume of at least 1 million on all Lending Platforms?,"select
address
from
wired_address_dataset
where
b_type = 'DeFi'
and statistical_type = 'token'
and platform_name = 'Lending'
and action = 'borrow'
and asset = 'ALL'
and transaction_volume_usd >= 1000000
group by
address"
Who are the top 1% of traders based on the Borrow volume of all trades on all Lending Platforms?,"select
        address
from
        (
        select
                address
        from
                (
                select
                        address,
                        sum(transaction_volume_usd) transaction_volume_usd
                from
                        wired_address_dataset
                where
                        b_type = 'DeFi'
                        and statistical_type = 'token'
                        and platform_name = 'Lending'
                        and action = 'borrow'
                        and asset = 'ALL'    and transaction_volume_usd  >0 
                group by
                        address) b
        order by
                transaction_volume_usd desc
        limit (
        select
                floor(COUNT(distinct address) * 0.01)
        from
                wired_address_dataset
        where
                b_type = 'DeFi'
                and statistical_type = 'token'
                and platform_name = 'Lending'
                and action = 'borrow'
                and asset = 'ALL'   and transaction_volume_usd  >0 )) a
group by
        address"
Who are the addresses with a Borrow activity count of 1-9 on all Lending Platforms?,"SELECT
address 
FROM
wired_address_dataset
WHERE
b_type = 'DeFi'
and statistical_type = 'token'
and platform_name='Lending'
and asset = 'ALL'
and action = 'borrow' 
and transaction_count >=1 AND transaction_count<=9
GROUP BY
address"
Who are the addresses that have a USDT Borrow activity count between 400 to 619 on AAVE?,"SELECT
address 
FROM
wired_address_dataset
WHERE
b_type = 'DeFi'
and statistical_type = 'token'
and platform_name='AAVE'
and asset = 'Tether USD'
and action = 'borrow' 
and 
transaction_count >=400 AND transaction_count<=619
GROUP BY
address"
Who are the addresses that have a USDT Borrow activity count of at least 619 on AAVE?,"SELECT
address 
FROM
wired_address_dataset
WHERE
b_type = 'DeFi'
and statistical_type = 'token'
and platform_name='AAVE'
and asset = 'Tether USD'
and action = 'borrow' 
and transaction_count >=619
GROUP BY
address"
Who are the addresses that have a USDT Borrow activity count between 1 and 9 on AAVE?,"SELECT
address 
FROM
wired_address_dataset
WHERE
b_type = 'DeFi'
and statistical_type = 'token'
and platform_name='AAVE'
and asset = 'Tether USD'
and action = 'borrow' 
and transaction_count >=1 AND transaction_count<=9
GROUP BY
address"
Who are the addresses that have a Borrow activity count between 400 to 619 on AAVE?,"SELECT 
address 
FROM 
wired_address_dataset 
WHERE 
b_type = 'DeFi' 
and statistical_type = 'token' 
and platform_name='AAVE' 
and asset = 'ALL' 
and action = 'borrow' 
and 
transaction_count >=400 AND transaction_count<=619 
GROUP BY 
address"
Who are the addresses that have a Borrow activity count of at least 619 on AAVE?,"SELECT 
address 
FROM 
wired_address_dataset 
WHERE 
b_type = 'DeFi' 
and statistical_type = 'token' 
and platform_name='AAVE' 
and asset = 'ALL' 
and action = 'borrow' 
and transaction_count >=619 
GROUP BY 
address"
Who are the addresses that have a Borrow activity count of 1-9 on AAVE?,"SELECT
address 
FROM
wired_address_dataset
WHERE
b_type = 'DeFi'
and statistical_type = 'token'
and platform_name='AAVE'
and asset = 'ALL'
and action = 'borrow' 
and transaction_count >=1 AND transaction_count<=9
GROUP BY
address"
"Who has collected CryptoPunks, and has kept CryptoPunks for 1-7 day?","select
  address
from
  wired_address_dataset
where
  b_type = 'nft'
  and statistical_type = 'nft'
  and asset = 'CryptoPunks'
 and platform_name = 'ALLNET'
  and days between 1 and 7
group by
  address"
